ip,is_vpn,city,province,country
172.104.20.59,false,Cedar Knolls,New Jersey,United States
209.127.13.158,true,Montréal,Quebec,Canada
172.105.183.68,true,Sydney,New South Wales,Australia
149.28.149.245,false,Singapore,,Singapore
178.79.148.39,false,London,England,United Kingdom
213.219.38.183,false,London,England,United Kingdom
109.74.197.226,false,London,England,United Kingdom
139.162.162.160,false,Frankfurt am Main,Hesse,Germany
172.235.166.252,false,Amsterdam,North Holland,Netherlands
139.180.136.114,false,Singapore,,Singapore
45.33.33.69,false,Fremont,California,United States
212.71.250.63,false,London,England,United Kingdom
45.32.121.7,false,Singapore,,Singapore
172.235.175.161,false,Amsterdam,North Holland,Netherlands
207.244.89.176,true,Washington,District of Columbia,United States
45.33.88.4,false,Cedar Knolls,New Jersey,United States
66.228.46.144,false,Cedar Knolls,New Jersey,United States
185.117.89.12,true,Stockholm,Stockholm,Sweden
104.200.30.212,false,Cedar Knolls,New Jersey,United States
45.79.81.242,false,Fremont,California,United States
193.108.58.62,true,Vancouver,British Columbia,Canada
139.162.163.160,false,Frankfurt am Main,Hesse,Germany
172.233.41.170,false,Amsterdam,North Holland,Netherlands
139.162.185.187,false,Frankfurt am Main,Hesse,Germany
50.116.12.83,false,Fremont,California,United States
172.104.246.171,false,Frankfurt am Main,Hesse,Germany
173.230.153.64,false,Fremont,California,United States
158.247.198.252,false,Gangseo-gu,Seoul,South Korea
208.131.155.39,true,Draper,Utah,United States
167.99.195.48,true,London,England,United Kingdom
162.243.104.209,true,Secaucus,New Jersey,United States
172.235.191.174,false,Amsterdam,North Holland,Netherlands
172.235.183.253,false,Amsterdam,North Holland,Netherlands
165.227.85.125,true,North Bergen,New Jersey,United States
81.181.166.51,true,Timişoara,Timiș County,Romania
165.232.90.202,false,Amsterdam,North Holland,Netherlands
172.105.69.162,false,Frankfurt am Main,Hesse,Germany
45.79.131.146,false,Cedar Knolls,New Jersey,United States
198.72.126.102,true,Montréal,Quebec,Canada
172.235.166.104,false,Amsterdam,North Holland,Netherlands
178.79.137.42,false,London,England,United Kingdom
169.44.145.242,true,San Jose,California,United States
169.44.145.244,true,San Jose,California,United States
172.104.209.116,true,Cedar Knolls,New Jersey,United States
45.79.139.116,false,Cedar Knolls,New Jersey,United States
192.81.135.49,false,Fremont,California,United States
212.47.237.169,true,Paris,Île-de-France,France
38.54.38.143,true,Riyadh,Riyadh Region,Saudi Arabia
45.33.41.188,false,Fremont,California,United States
172.104.228.57,false,Frankfurt am Main,Hesse,Germany
64.176.225.58,false,Gangseo-gu,Seoul,South Korea
45.33.63.65,false,Fremont,California,United States
45.33.87.182,false,Cedar Knolls,New Jersey,United States
172.239.233.141,false,Amsterdam,North Holland,Netherlands
142.93.234.89,false,Amsterdam,North Holland,Netherlands
172.104.237.129,false,Frankfurt am Main,Hesse,Germany
188.166.56.121,false,Amsterdam,North Holland,Netherlands
96.126.106.119,false,Cedar Knolls,New Jersey,United States
51.15.247.13,true,Paris,Île-de-France,France
85.159.213.161,false,London,England,United Kingdom
172.105.93.119,false,Frankfurt am Main,Hesse,Germany
172.233.46.107,false,Amsterdam,North Holland,Netherlands
95.111.197.252,true,Singapore,,Singapore
172.235.183.244,false,Amsterdam,North Holland,Netherlands
192.155.91.46,false,Cedar Knolls,New Jersey,United States
172.235.168.67,false,Amsterdam,North Holland,Netherlands
70.34.248.133,false,Warsaw,Mazovia,Poland
207.244.71.43,true,Washington,District of Columbia,United States
167.71.78.103,false,Amsterdam,North Holland,Netherlands
198.72.126.196,true,Montréal,Quebec,Canada
178.79.137.196,false,London,England,United Kingdom
45.33.39.79,false,Fremont,California,United States
172.104.214.126,false,Cedar Knolls,New Jersey,United States
172.104.5.71,false,Cedar Knolls,New Jersey,United States
139.162.156.232,false,Frankfurt am Main,Hesse,Germany
142.93.97.22,true,Frankfurt am Main,Hesse,Germany
70.34.246.54,false,Warsaw,Mazovia,Poland
172.104.135.51,false,Frankfurt am Main,Hesse,Germany
156.38.239.150,true,Johannesburg,Gauteng,South Africa
139.162.197.17,false,London,England,United Kingdom
172.105.86.18,false,Frankfurt am Main,Hesse,Germany
69.164.216.112,false,Cedar Knolls,New Jersey,United States
45.56.111.15,false,Cedar Knolls,New Jersey,United States
178.79.176.143,false,London,England,United Kingdom
85.90.244.57,false,Frankfurt am Main,Hesse,Germany
45.79.139.72,false,Cedar Knolls,New Jersey,United States
139.162.161.160,false,Frankfurt am Main,Hesse,Germany
74.207.240.15,false,Fremont,California,United States
172.104.130.112,false,Frankfurt am Main,Hesse,Germany
70.34.245.144,false,Warsaw,Mazovia,Poland
143.198.187.43,true,North Bergen,New Jersey,United States
178.79.183.23,false,London,England,United Kingdom
188.166.248.60,true,Singapore,,Singapore
139.162.251.232,false,London,England,United Kingdom
206.189.7.90,false,Amsterdam,North Holland,Netherlands
45.79.150.207,false,Cedar Knolls,New Jersey,United States
172.104.130.192,false,Frankfurt am Main,Hesse,Germany
97.107.134.118,false,Cedar Knolls,New Jersey,United States
45.77.174.17,false,Singapore,,Singapore
81.171.5.229,true,Amsterdam,North Holland,Netherlands
158.247.219.61,false,Paripark,Seoul,South Korea
139.162.144.135,false,Frankfurt am Main,Hesse,Germany
172.104.159.20,false,Frankfurt am Main,Hesse,Germany
172.104.246.34,false,Frankfurt am Main,Hesse,Germany
64.176.71.185,false,Warsaw,Mazovia,Poland
173.255.231.145,false,Cedar Knolls,New Jersey,United States
139.162.186.69,false,Frankfurt am Main,Hesse,Germany
5.182.37.192,true,Bucharest,București,Romania
139.162.217.214,true,London,England,United Kingdom
45.79.128.236,false,Cedar Knolls,New Jersey,United States
45.77.36.139,false,Singapore,,Singapore
207.148.79.157,false,Singapore,,Singapore
45.79.82.188,false,Fremont,California,United States
149.28.157.62,false,Singapore,,Singapore
172.104.134.13,false,Frankfurt am Main,Hesse,Germany
142.93.224.115,false,Amsterdam,North Holland,Netherlands
5.182.38.67,true,Budapest,Budapest,Hungary
139.162.147.224,false,Frankfurt am Main,Hesse,Germany
2.58.241.46,true,Taipei,Taiwan,Taiwan
204.16.246.179,true,Pittsburgh,Pennsylvania,United States
172.235.181.28,false,Amsterdam,North Holland,Netherlands
70.38.4.235,true,Montréal,Quebec,Canada
178.79.154.192,false,London,England,United Kingdom
192.46.236.8,false,Frankfurt am Main,Hesse,Germany
204.16.246.180,true,Pittsburgh,Pennsylvania,United States
178.128.241.169,false,Amsterdam,North Holland,Netherlands
45.79.155.239,false,Cedar Knolls,New Jersey,United States
139.162.187.216,false,Frankfurt am Main,Hesse,Germany
172.235.181.220,false,Amsterdam,North Holland,Netherlands
139.162.134.46,false,Frankfurt am Main,Hesse,Germany
66.228.46.137,false,Cedar Knolls,New Jersey,United States
139.162.163.56,false,Frankfurt am Main,Hesse,Germany
180.149.231.18,true,Auckland,Auckland,New Zealand
172.233.49.132,false,Amsterdam,North Holland,Netherlands
70.34.247.195,false,Warsaw,Mazovia,Poland
45.79.140.48,false,Cedar Knolls,New Jersey,United States
23.239.11.89,true,Cedar Knolls,New Jersey,United States
172.235.182.113,false,Amsterdam,North Holland,Netherlands
172.235.175.10,false,Amsterdam,North Holland,Netherlands
45.33.91.254,false,Cedar Knolls,New Jersey,United States
172.105.74.165,false,Frankfurt am Main,Hesse,Germany
173.255.226.126,false,Cedar Knolls,New Jersey,United States
45.79.89.197,false,Fremont,California,United States
45.79.130.114,false,Cedar Knolls,New Jersey,United States
45.33.74.59,false,Cedar Knolls,New Jersey,United States
139.162.253.107,false,London,England,United Kingdom
172.104.214.47,false,Cedar Knolls,New Jersey,United States
139.162.163.154,false,Frankfurt am Main,Hesse,Germany
81.171.6.107,true,Amsterdam,North Holland,Netherlands
158.247.230.63,false,Paripark,Seoul,South Korea
212.71.233.170,false,London,England,United Kingdom
139.162.195.79,false,London,England,United Kingdom
172.104.140.27,false,Frankfurt am Main,Hesse,Germany
159.65.197.4,false,Amsterdam,North Holland,Netherlands
180.149.231.21,true,Auckland,Auckland,New Zealand
139.162.156.145,false,Frankfurt am Main,Hesse,Germany
172.235.191.83,false,Amsterdam,North Holland,Netherlands
64.74.163.123,true,Montréal,Quebec,Canada
172.235.168.65,false,Amsterdam,North Holland,Netherlands
64.176.73.221,false,Warsaw,Mazovia,Poland
167.99.36.77,false,Amsterdam,North Holland,Netherlands
45.79.132.8,false,Cedar Knolls,New Jersey,United States
64.176.73.69,false,Warsaw,Mazovia,Poland
85.90.245.184,false,Frankfurt am Main,Hesse,Germany
45.79.81.119,false,Fremont,California,United States
85.90.247.100,false,Frankfurt am Main,Hesse,Germany
139.162.158.119,false,Frankfurt am Main,Hesse,Germany
38.15.146.110,true,Montréal,Quebec,Canada
172.233.43.112,false,Amsterdam,North Holland,Netherlands
139.162.160.141,false,Frankfurt am Main,Hesse,Germany
94.131.10.41,true,Braga,Braga,Portugal
97.107.131.53,false,Cedar Knolls,New Jersey,United States
172.235.175.237,false,Amsterdam,North Holland,Netherlands
95.216.209.2,true,Helsinki,Uusimaa,Finland
50.116.9.79,false,Fremont,California,United States
64.176.70.114,false,Warsaw,Mazovia,Poland
172.105.246.106,false,Frankfurt am Main,Hesse,Germany
104.131.174.72,false,Clifton,New Jersey,United States
69.164.215.204,false,Cedar Knolls,New Jersey,United States
163.172.173.35,true,Paris,Île-de-France,France
172.105.77.228,false,Frankfurt am Main,Hesse,Germany
45.79.81.201,false,Fremont,California,United States
139.162.178.175,false,Frankfurt am Main,Hesse,Germany
172.233.50.160,false,Amsterdam,North Holland,Netherlands
128.199.59.88,false,Amsterdam,North Holland,Netherlands
172.235.167.31,false,Amsterdam,North Holland,Netherlands
172.104.154.67,false,Frankfurt am Main,Hesse,Germany
209.38.37.158,false,Amsterdam,North Holland,Netherlands
172.104.132.79,false,Frankfurt am Main,Hesse,Germany
141.164.41.152,false,Gangseo-gu,Seoul,South Korea
172.233.54.118,false,Amsterdam,North Holland,Netherlands
23.92.16.220,false,Cedar Knolls,New Jersey,United States
204.16.246.181,true,Pittsburgh,Pennsylvania,United States
172.235.183.231,false,Amsterdam,North Holland,Netherlands
178.79.183.248,false,London,England,United Kingdom
172.104.154.142,false,Frankfurt am Main,Hesse,Germany
45.33.90.176,false,Cedar Knolls,New Jersey,United States
109.74.196.27,false,London,England,United Kingdom
45.79.139.161,false,Cedar Knolls,New Jersey,United States
88.80.188.90,false,London,England,United Kingdom
139.162.138.151,false,Frankfurt am Main,Hesse,Germany
172.105.249.187,false,Frankfurt am Main,Hesse,Germany
109.237.26.107,false,London,England,United Kingdom
172.233.154.51,true,Los Angeles,California,United States
162.216.16.99,false,Cedar Knolls,New Jersey,United States
45.79.111.57,false,Fremont,California,United States
176.58.103.141,false,London,England,United Kingdom
51.15.236.3,true,Paris,Île-de-France,France
85.90.247.156,false,Frankfurt am Main,Hesse,Germany
158.247.253.210,false,Paripark,Seoul,South Korea
139.162.134.41,false,Frankfurt am Main,Hesse,Germany
172.233.58.86,false,Amsterdam,North Holland,Netherlands
172.233.51.205,false,Amsterdam,North Holland,Netherlands
213.52.128.5,false,London,England,United Kingdom
96.126.102.90,false,Fremont,California,United States
167.99.40.101,true,Amsterdam,North Holland,Netherlands
38.15.146.109,true,Montréal,Quebec,Canada
2.58.241.44,true,Taipei,Taiwan,Taiwan
172.233.39.98,false,Amsterdam,North Holland,Netherlands
109.74.196.223,false,London,England,United Kingdom
64.176.64.6,false,Warsaw,Mazovia,Poland
139.162.208.77,false,London,England,United Kingdom
209.38.41.69,false,Amsterdam,North Holland,Netherlands
45.56.111.74,false,Cedar Knolls,New Jersey,United States
45.79.151.10,false,Cedar Knolls,New Jersey,United States
176.58.106.53,false,London,England,United Kingdom
45.33.85.231,false,Cedar Knolls,New Jersey,United States
134.199.168.112,true,Sydney,New South Wales,Australia
45.33.51.23,false,Fremont,California,United States
158.247.198.81,false,Paripark,Seoul,South Korea
192.46.237.207,false,Frankfurt am Main,Hesse,Germany
172.236.205.66,true,Frankfurt am Main,Hesse,Germany
139.162.138.51,false,Frankfurt am Main,Hesse,Germany
172.104.142.77,false,Frankfurt am Main,Hesse,Germany
172.105.175.33,true,Sydney,New South Wales,Australia
173.255.237.94,false,Cedar Knolls,New Jersey,United States
45.79.140.18,false,Cedar Knolls,New Jersey,United States
70.34.249.26,false,Warsaw,Mazovia,Poland
185.175.58.195,true,Vienna,Vienna,Austria
192.121.87.12,true,Chisinau,Chișinău Municipality,Moldova
172.105.94.254,false,Frankfurt am Main,Hesse,Germany
172.235.174.5,false,Amsterdam,North Holland,Netherlands
139.162.141.69,false,Frankfurt am Main,Hesse,Germany
94.131.123.253,false,Istanbul,Istanbul,Turkey
172.104.142.34,false,Frankfurt am Main,Hesse,Germany
173.255.221.120,false,Fremont,California,United States
23.239.8.56,false,Cedar Knolls,New Jersey,United States
85.90.244.53,false,Frankfurt am Main,Hesse,Germany
70.34.246.111,false,Warsaw,Mazovia,Poland
172.233.45.186,false,Amsterdam,North Holland,Netherlands
172.104.128.148,false,Frankfurt am Main,Hesse,Germany
158.247.224.34,false,Gangseo-gu,Seoul,South Korea
172.104.203.235,false,Frankfurt am Main,Hesse,Germany
139.162.166.72,false,Frankfurt am Main,Hesse,Germany
38.54.118.211,true,Bangkok,Bangkok,Thailand
172.235.181.8,false,Amsterdam,North Holland,Netherlands
217.12.199.85,true,Kyiv,Kyiv City,Ukraine
69.164.210.61,false,Cedar Knolls,New Jersey,United States
172.105.246.39,false,Frankfurt am Main,Hesse,Germany
104.200.30.217,false,Cedar Knolls,New Jersey,United States
172.104.150.123,false,Frankfurt am Main,Hesse,Germany
165.227.3.122,true,Santa Clara,California,United States
209.50.58.93,true,Chicago,Illinois,United States
172.104.148.224,false,Frankfurt am Main,Hesse,Germany
172.239.233.81,false,Amsterdam,North Holland,Netherlands
45.33.33.74,false,Fremont,California,United States
85.159.209.53,false,London,England,United Kingdom
172.104.240.171,false,Frankfurt am Main,Hesse,Germany
172.104.146.59,false,Frankfurt am Main,Hesse,Germany
104.237.154.57,false,Fremont,California,United States
139.162.130.30,false,Frankfurt am Main,Hesse,Germany
172.105.94.129,false,Frankfurt am Main,Hesse,Germany
139.162.228.89,false,London,England,United Kingdom
173.255.230.111,false,Cedar Knolls,New Jersey,United States
43.249.36.72,true,Hong Kong,,Hong Kong
88.80.188.115,false,London,England,United Kingdom
139.162.150.184,false,Frankfurt am Main,Hesse,Germany
66.175.215.252,false,Cedar Knolls,New Jersey,United States
173.255.237.65,false,Cedar Knolls,New Jersey,United States
172.233.54.162,false,Amsterdam,North Holland,Netherlands
141.164.39.181,true,Gangseo-gu,Seoul,South Korea
139.162.188.216,false,Frankfurt am Main,Hesse,Germany
45.33.83.171,false,Cedar Knolls,New Jersey,United States
158.247.232.22,false,Gangseo-gu,Seoul,South Korea
161.35.95.30,false,Amsterdam,North Holland,Netherlands
172.235.167.221,false,Amsterdam,North Holland,Netherlands
45.79.162.249,false,Cedar Knolls,New Jersey,United States
70.34.254.75,false,Warsaw,Mazovia,Poland
172.233.44.126,false,Amsterdam,North Holland,Netherlands
134.122.52.77,true,Amsterdam,North Holland,Netherlands
172.235.168.225,false,Amsterdam,North Holland,Netherlands
172.104.148.55,false,Frankfurt am Main,Hesse,Germany
172.104.128.125,false,Frankfurt am Main,Hesse,Germany
109.74.202.235,false,London,England,United Kingdom
85.159.213.5,false,London,England,United Kingdom
50.116.49.113,false,Cedar Knolls,New Jersey,United States
172.105.246.91,false,Frankfurt am Main,Hesse,Germany
45.79.132.23,false,Cedar Knolls,New Jersey,United States
172.233.54.100,false,Amsterdam,North Holland,Netherlands
213.168.249.15,false,London,England,United Kingdom
209.151.145.220,true,Santa Clara,California,United States
180.149.231.20,true,Auckland,Auckland,New Zealand
173.255.228.151,false,Cedar Knolls,New Jersey,United States
172.235.191.106,false,Amsterdam,North Holland,Netherlands
45.33.85.79,false,Cedar Knolls,New Jersey,United States
172.235.189.174,false,Amsterdam,North Holland,Netherlands
207.244.89.187,true,Washington,District of Columbia,United States
139.162.253.254,false,London,England,United Kingdom
139.180.141.73,false,Singapore,,Singapore
213.219.38.182,false,London,England,United Kingdom
23.83.184.146,true,Phoenix,Arizona,United States
128.199.34.126,false,Amsterdam,North Holland,Netherlands
88.80.188.70,false,London,England,United Kingdom
96.126.102.217,false,Fremont,California,United States
81.181.166.249,true,Timişoara,Timiș County,Romania
139.180.146.31,false,Singapore,,Singapore
64.176.72.235,false,Warsaw,Mazovia,Poland
135.181.156.133,true,Helsinki,Uusimaa,Finland
64.176.70.71,false,Warsaw,Mazovia,Poland
45.33.55.105,false,Fremont,California,United States
172.105.95.38,false,Frankfurt am Main,Hesse,Germany
172.104.228.153,false,Frankfurt am Main,Hesse,Germany
172.235.163.111,false,Amsterdam,North Holland,Netherlands
23.92.19.59,true,Cedar Knolls,New Jersey,United States
74.201.177.108,true,Los Angeles,California,United States
172.104.141.214,false,Frankfurt am Main,Hesse,Germany
198.72.126.194,true,Montréal,Quebec,Canada
139.162.251.64,false,London,England,United Kingdom
172.104.129.75,false,Frankfurt am Main,Hesse,Germany
139.162.175.59,false,Frankfurt am Main,Hesse,Germany
66.228.46.10,false,Cedar Knolls,New Jersey,United States
169.44.151.104,true,San Jose,California,United States
172.104.129.195,false,Frankfurt am Main,Hesse,Germany
178.62.241.95,true,Amsterdam,North Holland,Netherlands
176.58.127.250,false,London,England,United Kingdom
172.235.175.138,false,Amsterdam,North Holland,Netherlands
157.245.76.136,false,Amsterdam,North Holland,Netherlands
139.162.179.137,false,Frankfurt am Main,Hesse,Germany
172.105.83.86,false,Frankfurt am Main,Hesse,Germany
45.33.91.86,false,Cedar Knolls,New Jersey,United States
128.199.34.210,false,Amsterdam,North Holland,Netherlands
134.122.35.26,true,Toronto,Ontario,Canada
172.233.45.137,false,Amsterdam,North Holland,Netherlands
51.158.98.118,true,Paris,Île-de-France,France
66.175.210.122,false,Cedar Knolls,New Jersey,United States
139.162.174.197,false,Frankfurt am Main,Hesse,Germany
45.79.138.50,true,Cedar Knolls,New Jersey,United States
74.3.163.21,true,Vancouver,British Columbia,Canada
23.239.8.60,false,Cedar Knolls,New Jersey,United States
45.79.133.137,false,Cedar Knolls,New Jersey,United States
45.79.149.43,false,Cedar Knolls,New Jersey,United States
172.105.94.116,false,Frankfurt am Main,Hesse,Germany
70.38.4.237,true,Montréal,Quebec,Canada
79.141.174.104,true,Stockholm,Stockholm,Sweden
64.176.67.169,false,Warsaw,Mazovia,Poland
172.236.143.6,true,Singapore,,Singapore
172.104.129.79,false,Frankfurt am Main,Hesse,Germany
80.85.85.213,false,London,England,United Kingdom
66.228.35.27,false,Cedar Knolls,New Jersey,United States
139.162.147.179,false,Frankfurt am Main,Hesse,Germany
198.74.57.153,false,Cedar Knolls,New Jersey,United States
172.235.168.221,false,Amsterdam,North Holland,Netherlands
212.71.252.12,false,London,England,United Kingdom
178.62.225.237,false,Amsterdam,North Holland,Netherlands
173.255.227.194,false,Cedar Knolls,New Jersey,United States
172.233.154.166,true,Los Angeles,California,United States
192.155.81.92,false,Fremont,California,United States
45.79.130.151,false,Cedar Knolls,New Jersey,United States
45.79.130.104,true,Cedar Knolls,New Jersey,United States
139.162.174.163,false,Frankfurt am Main,Hesse,Germany
139.180.189.150,false,Singapore,,Singapore
172.233.59.42,false,Amsterdam,North Holland,Netherlands
172.104.209.249,false,Cedar Knolls,New Jersey,United States
139.162.163.192,false,Frankfurt am Main,Hesse,Germany
172.104.147.221,false,Frankfurt am Main,Hesse,Germany
85.90.246.189,false,Frankfurt am Main,Hesse,Germany
172.105.249.188,false,Frankfurt am Main,Hesse,Germany
45.77.169.134,false,Singapore,,Singapore
173.255.229.182,false,Cedar Knolls,New Jersey,United States
64.176.65.143,false,Warsaw,Mazovia,Poland
45.79.150.125,false,Cedar Knolls,New Jersey,United States
172.105.77.79,false,Frankfurt am Main,Hesse,Germany
207.244.89.183,true,Bethesda,Maryland,United States
176.97.192.11,true,Lagos,Lagos,Nigeria
174.138.11.85,false,Amsterdam,North Holland,Netherlands
172.233.44.227,false,Amsterdam,North Holland,Netherlands
97.107.138.201,false,Cedar Knolls,New Jersey,United States
167.71.12.105,false,Amsterdam,North Holland,Netherlands
2.58.241.43,true,Taipei,Taiwan,Taiwan
207.244.89.182,true,Bethesda,Maryland,United States
66.228.32.88,false,Cedar Knolls,New Jersey,United States
70.34.249.152,false,Warsaw,Mazovia,Poland
172.104.184.200,true,Singapore,,Singapore
139.162.162.71,false,Frankfurt am Main,Hesse,Germany
172.104.233.225,false,Frankfurt am Main,Hesse,Germany
213.52.128.14,false,London,England,United Kingdom
68.183.10.169,false,Amsterdam,North Holland,Netherlands
172.233.54.81,false,Amsterdam,North Holland,Netherlands
149.28.143.80,false,Singapore,,Singapore
50.116.54.141,false,Cedar Knolls,New Jersey,United States
45.76.154.197,false,Singapore,,Singapore
172.233.45.151,false,Amsterdam,North Holland,Netherlands
45.79.151.44,false,Cedar Knolls,New Jersey,United States
161.35.158.215,false,Amsterdam,North Holland,Netherlands
172.105.79.30,false,Frankfurt am Main,Hesse,Germany
158.247.220.135,false,Gangseo-gu,Seoul,South Korea
172.233.32.212,false,Amsterdam,North Holland,Netherlands
213.52.130.242,false,London,England,United Kingdom
172.235.175.181,false,Amsterdam,North Holland,Netherlands
139.162.156.129,false,Frankfurt am Main,Hesse,Germany
45.79.159.135,false,Cedar Knolls,New Jersey,United States
66.175.210.202,false,Cedar Knolls,New Jersey,United States
149.154.152.125,true,Vienna,Vienna,Austria
172.104.233.154,false,Frankfurt am Main,Hesse,Germany
139.162.197.104,false,London,England,United Kingdom
172.104.154.114,false,Frankfurt am Main,Hesse,Germany
45.79.171.175,false,Cedar Knolls,New Jersey,United States
192.46.236.246,false,Frankfurt am Main,Hesse,Germany
172.105.249.51,false,Frankfurt am Main,Hesse,Germany
158.247.248.59,false,Paripark,Seoul,South Korea
139.162.131.79,false,Frankfurt am Main,Hesse,Germany
81.171.5.242,true,Amsterdam,North Holland,Netherlands
50.116.10.167,false,Fremont,California,United States
176.58.99.70,false,London,England,United Kingdom
74.201.177.110,true,Los Angeles,California,United States
209.38.44.243,false,Amsterdam,North Holland,Netherlands
139.162.195.156,false,London,England,United Kingdom
139.162.148.222,false,Frankfurt am Main,Hesse,Germany
192.71.166.21,true,Thessaloníki,Central Macedonia,Greece
207.244.89.168,true,Reston,Virginia,United States
178.79.137.56,false,London,England,United Kingdom
66.228.43.207,false,Cedar Knolls,New Jersey,United States
172.233.87.170,true,Osaka,Osaka,Japan
173.230.149.189,false,Fremont,California,United States
178.79.149.137,false,London,England,United Kingdom
181.215.183.111,true,São Paulo,São Paulo,Brazil
45.76.186.90,false,Singapore,,Singapore
172.104.128.194,false,Frankfurt am Main,Hesse,Germany
43.249.36.70,true,Hong Kong,,Hong Kong
70.34.244.98,false,Warsaw,Mazovia,Poland
172.105.86.46,false,Frankfurt am Main,Hesse,Germany
172.233.59.57,false,Amsterdam,North Holland,Netherlands
172.104.251.216,false,Frankfurt am Main,Hesse,Germany
82.118.22.206,true,Gdańsk,Pomerania,Poland
70.34.250.124,false,Warsaw,Mazovia,Poland
172.104.140.188,false,Frankfurt am Main,Hesse,Germany
50.116.14.134,false,Fremont,California,United States
66.175.215.144,false,Cedar Knolls,New Jersey,United States
162.216.16.177,false,Cedar Knolls,New Jersey,United States
45.79.114.29,false,Fremont,California,United States
74.201.177.107,true,Los Angeles,California,United States
178.79.183.219,false,London,England,United Kingdom
139.162.160.151,false,Frankfurt am Main,Hesse,Germany
141.164.49.155,false,Paripark,Seoul,South Korea
64.176.73.19,false,Warsaw,Mazovia,Poland
45.56.100.225,false,Cedar Knolls,New Jersey,United States
158.247.196.3,false,Paripark,Seoul,South Korea
172.235.171.127,false,Amsterdam,North Holland,Netherlands
172.104.244.72,false,Frankfurt am Main,Hesse,Germany
158.247.247.85,false,Gangseo-gu,Seoul,South Korea
172.104.130.236,false,Frankfurt am Main,Hesse,Germany
45.32.107.13,false,Singapore,,Singapore
5.252.23.17,true,Bratislava,Bratislava Region,Slovakia
172.233.145.215,true,Los Angeles,California,United States
66.228.32.33,false,Cedar Knolls,New Jersey,United States
97.107.134.133,false,Cedar Knolls,New Jersey,United States
88.80.188.82,false,London,England,United Kingdom
198.74.57.253,false,Cedar Knolls,New Jersey,United States
131.153.26.187,true,Atlanta,Georgia,United States
172.235.163.190,false,Amsterdam,North Holland,Netherlands
172.235.181.161,false,Amsterdam,North Holland,Netherlands
172.104.10.170,false,Cedar Knolls,New Jersey,United States
172.235.182.29,false,Amsterdam,North Holland,Netherlands
139.162.165.250,false,Frankfurt am Main,Hesse,Germany
172.235.173.223,false,Amsterdam,North Holland,Netherlands
46.16.131.37,true,Dublin,Leinster,Ireland
158.247.232.7,false,Gangseo-gu,Seoul,South Korea
139.162.220.246,false,London,England,United Kingdom
172.235.183.250,false,Amsterdam,North Holland,Netherlands
143.198.196.159,true,Singapore,,Singapore
45.33.41.20,false,Fremont,California,United States
139.162.228.184,false,London,England,United Kingdom
70.34.249.0,false,Warsaw,Mazovia,Poland
158.247.240.156,false,Gangseo-gu,Seoul,South Korea
45.33.70.49,false,Cedar Knolls,New Jersey,United States
176.58.99.29,false,London,England,United Kingdom
103.60.15.202,true,Buffalo,New York,United States
69.164.217.165,false,Cedar Knolls,New Jersey,United States
178.128.227.214,true,Toronto,Ontario,Canada
38.15.146.107,true,Montréal,Quebec,Canada
172.104.225.162,false,Frankfurt am Main,Hesse,Germany
139.162.147.244,false,Frankfurt am Main,Hesse,Germany
45.79.151.217,false,Cedar Knolls,New Jersey,United States
206.189.13.1,false,Amsterdam,North Holland,Netherlands
70.34.249.75,false,Warsaw,Mazovia,Poland
172.235.181.188,false,Amsterdam,North Holland,Netherlands
45.76.186.93,false,Singapore,,Singapore
23.239.4.62,false,Fremont,California,United States
173.255.248.19,false,Fremont,California,United States
156.38.239.146,true,Johannesburg,Gauteng,South Africa
96.126.110.240,false,Cedar Knolls,New Jersey,United States
64.176.64.34,false,Warsaw,Mazovia,Poland
172.235.189.180,false,Amsterdam,North Holland,Netherlands
50.116.12.38,false,Fremont,California,United States
139.162.134.71,false,Frankfurt am Main,Hesse,Germany
45.33.64.251,false,Cedar Knolls,New Jersey,United States
158.247.231.145,false,Paripark,Seoul,South Korea
172.235.174.178,false,Amsterdam,North Holland,Netherlands
158.247.246.180,false,Gangseo-gu,Seoul,South Korea
173.255.235.220,false,Cedar Knolls,New Jersey,United States
172.235.62.34,true,Los Angeles,California,United States
45.33.50.142,false,Fremont,California,United States
69.164.213.89,false,Cedar Knolls,New Jersey,United States
66.228.34.131,false,Cedar Knolls,New Jersey,United States
45.33.33.155,true,Fremont,California,United States
167.71.173.88,true,Clifton,New Jersey,United States
195.123.230.232,false,Sofia,Sofia-Capital,Bulgaria
45.32.100.187,false,Singapore,,Singapore
173.255.227.26,false,Cedar Knolls,New Jersey,United States
139.162.128.251,false,Frankfurt am Main,Hesse,Germany
143.110.229.26,true,Santa Clara,California,United States
139.162.220.10,false,London,England,United Kingdom
45.153.127.4,true,Bucharest,București,Romania
139.162.197.96,false,London,England,United Kingdom
70.34.246.13,false,Warsaw,Mazovia,Poland
172.235.181.128,false,Amsterdam,North Holland,Netherlands
85.159.208.242,false,London,England,United Kingdom
192.81.132.41,false,Fremont,California,United States
70.34.248.175,false,Warsaw,Mazovia,Poland
172.104.141.76,false,Frankfurt am Main,Hesse,Germany
80.69.174.36,true,Helsinki,Uusimaa,Finland
45.33.69.100,false,Cedar Knolls,New Jersey,United States
66.228.37.55,false,Cedar Knolls,New Jersey,United States
188.166.112.242,false,Amsterdam,North Holland,Netherlands
50.116.60.185,false,Cedar Knolls,New Jersey,United States
172.235.191.81,false,Amsterdam,North Holland,Netherlands
139.162.141.76,false,Frankfurt am Main,Hesse,Germany
23.83.184.145,true,Phoenix,Arizona,United States
178.79.137.21,false,London,England,United Kingdom
139.162.231.144,false,London,England,United Kingdom
172.233.50.137,false,Amsterdam,North Holland,Netherlands
172.235.181.213,false,Amsterdam,North Holland,Netherlands
192.155.80.121,false,Fremont,California,United States
70.38.4.234,true,Montréal,Quebec,Canada
64.176.71.121,false,Warsaw,Mazovia,Poland
80.85.85.212,false,London,England,United Kingdom
158.247.245.122,false,Paripark,Seoul,South Korea
174.138.29.210,true,Singapore,,Singapore
103.60.15.205,true,Buffalo,New York,United States
45.33.94.45,false,Cedar Knolls,New Jersey,United States
23.239.8.139,false,Cedar Knolls,New Jersey,United States
45.56.110.150,false,Cedar Knolls,New Jersey,United States
213.52.130.168,false,London,England,United Kingdom
64.176.228.95,false,Gangseo-gu,Seoul,South Korea
172.233.145.84,true,Los Angeles,California,United States
167.99.47.151,true,Amsterdam,North Holland,Netherlands
165.227.84.179,true,North Bergen,New Jersey,United States
172.104.154.57,false,Frankfurt am Main,Hesse,Germany
152.42.140.53,false,Amsterdam,North Holland,Netherlands
141.164.43.165,false,Paripark,Seoul,South Korea
85.90.245.82,false,Frankfurt am Main,Hesse,Germany
178.79.131.55,false,London,England,United Kingdom
158.247.221.67,false,Gangseo-gu,Seoul,South Korea
172.105.17.165,true,Toronto,Ontario,Canada
172.104.134.88,false,Frankfurt am Main,Hesse,Germany
139.162.155.22,false,Frankfurt am Main,Hesse,Germany
198.72.126.198,true,Montréal,Quebec,Canada
139.162.157.74,false,Frankfurt am Main,Hesse,Germany
74.207.252.222,false,Fremont,California,United States
194.62.96.190,true,Madrid,Madrid,Spain
188.166.10.20,false,Amsterdam,North Holland,Netherlands
149.28.155.42,false,Singapore,,Singapore
207.154.230.137,true,Frankfurt am Main,Hesse,Germany
172.235.175.123,false,Amsterdam,North Holland,Netherlands
172.104.128.117,false,Frankfurt am Main,Hesse,Germany
193.108.58.38,true,Vancouver,British Columbia,Canada
69.164.216.114,false,Cedar Knolls,New Jersey,United States
212.71.252.40,false,London,England,United Kingdom
172.239.224.68,false,Amsterdam,North Holland,Netherlands
139.162.147.248,false,Frankfurt am Main,Hesse,Germany
139.162.155.242,false,Frankfurt am Main,Hesse,Germany
158.247.224.20,false,Gangseo-gu,Seoul,South Korea
159.65.106.170,true,Santa Clara,California,United States
50.116.63.235,false,Cedar Knolls,New Jersey,United States
178.79.183.72,false,London,England,United Kingdom
38.15.146.108,true,Montréal,Quebec,Canada
79.141.174.103,true,Stockholm,Stockholm,Sweden
178.128.240.4,false,Amsterdam,North Holland,Netherlands
45.56.84.107,false,Fremont,California,United States
207.244.89.178,true,Washington,District of Columbia,United States
70.34.245.158,false,Warsaw,Mazovia,Poland
139.162.159.141,false,Frankfurt am Main,Hesse,Germany
139.162.155.174,false,Frankfurt am Main,Hesse,Germany
170.64.220.146,false,Sydney,New South Wales,Australia
5.253.40.38,true,Bucharest,București,Romania
195.201.26.193,true,Nürnberg,Bavaria,Germany
85.90.245.237,false,Frankfurt am Main,Hesse,Germany
139.162.136.86,false,Frankfurt am Main,Hesse,Germany
172.233.41.232,false,Amsterdam,North Holland,Netherlands
139.162.253.102,false,London,England,United Kingdom
149.28.139.248,false,Singapore,,Singapore
66.42.58.8,false,Singapore,,Singapore
149.28.156.185,false,Singapore,,Singapore
178.209.50.143,true,Zürich,Zurich,Switzerland
131.153.26.186,true,Atlanta,Georgia,United States
172.105.246.179,false,Frankfurt am Main,Hesse,Germany
173.230.155.109,false,Fremont,California,United States
172.235.190.81,false,Amsterdam,North Holland,Netherlands
153.92.126.111,true,Stockholm,Stockholm,Sweden
178.79.166.237,false,London,England,United Kingdom
69.164.219.95,false,Cedar Knolls,New Jersey,United States
173.255.236.243,false,Cedar Knolls,New Jersey,United States
85.90.246.28,false,Frankfurt am Main,Hesse,Germany
178.79.166.216,false,London,England,United Kingdom
198.72.126.101,true,Montréal,Quebec,Canada
139.162.174.216,false,Frankfurt am Main,Hesse,Germany
139.162.159.76,false,Frankfurt am Main,Hesse,Germany
69.164.212.23,false,Cedar Knolls,New Jersey,United States
172.105.93.223,false,Frankfurt am Main,Hesse,Germany
172.235.181.59,false,Amsterdam,North Holland,Netherlands
172.104.235.18,false,Frankfurt am Main,Hesse,Germany
172.233.58.222,false,Amsterdam,North Holland,Netherlands
209.50.54.85,true,Chicago,Illinois,United States
173.255.196.117,true,Richardson,Texas,United States
172.105.94.41,false,Frankfurt am Main,Hesse,Germany
45.76.163.194,false,Singapore,,Singapore
74.207.245.79,false,Fremont,California,United States
74.207.252.178,false,Fremont,California,United States
176.58.124.190,false,London,England,United Kingdom
172.105.244.25,false,Frankfurt am Main,Hesse,Germany
173.255.247.190,false,Fremont,California,United States
176.58.126.134,false,London,England,United Kingdom
139.162.183.157,false,Frankfurt am Main,Hesse,Germany
139.177.179.150,false,Frankfurt am Main,Hesse,Germany
172.104.215.147,false,Cedar Knolls,New Jersey,United States
69.164.214.220,false,Cedar Knolls,New Jersey,United States
70.34.247.227,false,Warsaw,Mazovia,Poland
185.186.244.131,false,Lelystad,Flevoland,Netherlands
92.223.79.23,true,Milan,Lombardy,Italy
45.79.190.30,false,Cedar Knolls,New Jersey,United States
69.164.208.216,false,Cedar Knolls,New Jersey,United States
139.162.163.178,false,Frankfurt am Main,Hesse,Germany
45.79.151.229,false,Cedar Knolls,New Jersey,United States
139.162.195.21,false,London,England,United Kingdom
45.79.170.23,false,Cedar Knolls,New Jersey,United States
172.235.163.96,false,Amsterdam,North Holland,Netherlands
172.235.189.127,false,Amsterdam,North Holland,Netherlands
69.164.222.213,false,Cedar Knolls,New Jersey,United States
66.228.38.156,false,Cedar Knolls,New Jersey,United States
139.162.159.13,false,Frankfurt am Main,Hesse,Germany
172.233.46.109,false,Amsterdam,North Holland,Netherlands
66.42.56.162,false,Singapore,,Singapore
151.236.222.234,false,London,England,United Kingdom
45.79.168.182,false,Cedar Knolls,New Jersey,United States
172.233.87.9,true,Osaka,Osaka,Japan
172.104.215.106,false,Cedar Knolls,New Jersey,United States
139.180.140.57,false,Singapore,,Singapore
50.116.1.219,false,Fremont,California,United States
134.122.99.49,false,London,England,United Kingdom
70.34.244.6,false,Warsaw,Mazovia,Poland
142.93.239.223,false,Amsterdam,North Holland,Netherlands
156.38.239.149,true,Johannesburg,Gauteng,South Africa
45.79.58.104,true,Richardson,Texas,United States
173.230.153.231,false,Fremont,California,United States
45.33.94.129,false,Cedar Knolls,New Jersey,United States
96.126.96.208,false,Fremont,California,United States
172.235.163.184,false,Amsterdam,North Holland,Netherlands
2.58.241.45,true,Taipei,Taiwan,Taiwan
45.56.94.43,false,Fremont,California,United States
172.105.65.111,false,Frankfurt am Main,Hesse,Germany
45.79.8.78,true,Richardson,Texas,United States
172.235.160.172,false,Amsterdam,North Holland,Netherlands
139.180.142.176,false,Singapore,,Singapore
45.56.111.109,false,Cedar Knolls,New Jersey,United States
141.164.47.9,false,Paripark,Seoul,South Korea
172.104.159.52,false,Frankfurt am Main,Hesse,Germany
172.104.152.149,false,Frankfurt am Main,Hesse,Germany
185.220.206.129,true,Rosh Ha‘Ayin,Central District,Israel
139.162.185.176,true,Frankfurt am Main,Hesse,Germany
172.233.39.74,false,Amsterdam,North Holland,Netherlands
198.72.126.103,true,Montréal,Quebec,Canada
158.247.221.227,false,Gangseo-gu,Seoul,South Korea
45.90.57.142,true,Genève,Geneva,Switzerland
134.209.87.204,false,Amsterdam,North Holland,Netherlands
172.104.154.205,false,Frankfurt am Main,Hesse,Germany
192.155.82.112,false,Fremont,California,United States
91.217.246.34,true,Larnaca,Larnaka,Cyprus
94.75.219.89,true,Amsterdam,North Holland,Netherlands
172.235.175.6,false,Amsterdam,North Holland,Netherlands
172.105.84.163,false,Frankfurt am Main,Hesse,Germany
139.162.180.79,false,Frankfurt am Main,Hesse,Germany
172.104.146.68,false,Frankfurt am Main,Hesse,Germany
139.162.251.93,false,London,England,United Kingdom
172.233.32.210,false,Amsterdam,North Holland,Netherlands
172.105.75.85,false,Frankfurt am Main,Hesse,Germany
45.33.110.155,false,Fremont,California,United States
134.209.81.90,false,Amsterdam,North Holland,Netherlands
172.235.190.65,false,Amsterdam,North Holland,Netherlands
157.245.68.22,false,Amsterdam,North Holland,Netherlands
172.239.238.28,false,Amsterdam,North Holland,Netherlands
139.162.169.70,false,Frankfurt am Main,Hesse,Germany
207.148.127.252,false,Singapore,,Singapore
69.164.216.170,false,Cedar Knolls,New Jersey,United States
45.33.70.237,false,Cedar Knolls,New Jersey,United States
139.162.136.126,false,Frankfurt am Main,Hesse,Germany
45.79.115.89,false,Fremont,California,United States
134.209.83.10,false,Amsterdam,North Holland,Netherlands
139.162.155.166,false,Frankfurt am Main,Hesse,Germany
172.104.234.71,false,Frankfurt am Main,Hesse,Germany
158.247.255.7,false,Gangseo-gu,Seoul,South Korea
198.74.59.162,false,Cedar Knolls,New Jersey,United States
139.162.159.24,false,Frankfurt am Main,Hesse,Germany
207.244.89.169,true,Reston,Virginia,United States
50.116.8.86,false,Fremont,California,United States
213.183.56.203,true,Moscow,Moscow,Russia
45.32.125.7,false,Singapore,,Singapore
139.162.100.169,true,Tokyo,Tokyo,Japan
172.235.163.150,false,Amsterdam,North Holland,Netherlands
178.79.149.80,false,London,England,United Kingdom
81.171.6.117,true,Amsterdam,North Holland,Netherlands
45.77.44.110,false,Singapore,,Singapore
109.237.27.180,false,London,England,United Kingdom
109.237.27.138,false,London,England,United Kingdom
172.235.175.120,false,Amsterdam,North Holland,Netherlands
192.155.80.52,false,Fremont,California,United States
45.79.139.202,false,Cedar Knolls,New Jersey,United States
69.164.212.236,false,Cedar Knolls,New Jersey,United States
180.149.231.22,true,Auckland,Auckland,New Zealand
45.79.191.105,false,Cedar Knolls,New Jersey,United States
158.247.248.15,false,Gangseo-gu,Seoul,South Korea
45.33.93.250,false,Cedar Knolls,New Jersey,United States
45.32.114.39,false,Singapore,,Singapore
45.79.163.199,true,Cedar Knolls,New Jersey,United States
172.104.20.31,false,Cedar Knolls,New Jersey,United States
45.79.68.6,false,Fremont,California,United States
213.219.37.235,false,London,England,United Kingdom
146.190.236.89,false,Amsterdam,North Holland,Netherlands
188.166.78.95,false,Amsterdam,North Holland,Netherlands
45.79.134.188,false,Cedar Knolls,New Jersey,United States
45.77.174.93,false,Singapore,,Singapore
45.79.81.24,false,Fremont,California,United States
185.192.44.54,true,Brussels,Brussels Capital,Belgium
45.33.84.69,false,Cedar Knolls,New Jersey,United States
50.116.48.111,false,Cedar Knolls,New Jersey,United States
198.72.126.195,true,Montréal,Quebec,Canada
172.104.134.225,false,Frankfurt am Main,Hesse,Germany
70.34.251.198,false,Warsaw,Mazovia,Poland
158.247.193.122,false,Gangseo-gu,Seoul,South Korea
172.104.210.132,false,Cedar Knolls,New Jersey,United States
173.255.237.172,false,Cedar Knolls,New Jersey,United States
139.162.157.155,false,Frankfurt am Main,Hesse,Germany
45.56.94.249,false,Fremont,California,United States
139.162.184.190,false,Frankfurt am Main,Hesse,Germany
139.180.154.162,false,Singapore,,Singapore
64.74.163.126,true,Montréal,Quebec,Canada
172.104.152.144,false,Frankfurt am Main,Hesse,Germany
23.239.13.153,false,Cedar Knolls,New Jersey,United States
139.162.177.244,false,Frankfurt am Main,Hesse,Germany
172.235.160.47,false,Amsterdam,North Holland,Netherlands
38.54.61.91,true,Jeddah,Mecca Region,Saudi Arabia
172.235.182.15,false,Amsterdam,North Holland,Netherlands
212.71.233.234,false,London,England,United Kingdom
45.77.170.201,false,Singapore,,Singapore
51.158.73.55,true,Paris,Île-de-France,France
172.104.140.8,false,Frankfurt am Main,Hesse,Germany
81.171.5.243,true,Amsterdam,North Holland,Netherlands
172.233.49.210,false,Amsterdam,North Holland,Netherlands
173.255.227.4,false,Cedar Knolls,New Jersey,United States
104.237.154.69,false,Fremont,California,United States
172.105.187.54,true,Sydney,New South Wales,Australia
172.104.150.64,false,Frankfurt am Main,Hesse,Germany
66.228.34.92,false,Cedar Knolls,New Jersey,United States
45.76.183.237,false,Singapore,,Singapore
45.56.110.61,false,Cedar Knolls,New Jersey,United States
172.104.26.7,false,Cedar Knolls,New Jersey,United States
97.107.137.46,false,Cedar Knolls,New Jersey,United States
51.158.181.238,true,Amsterdam,North Holland,Netherlands
172.104.235.214,false,Frankfurt am Main,Hesse,Germany
139.162.185.243,false,Frankfurt am Main,Hesse,Germany
45.76.152.254,false,Singapore,,Singapore
169.44.145.246,true,San Jose,California,United States
97.107.128.136,false,Cedar Knolls,New Jersey,United States
139.162.156.79,false,Frankfurt am Main,Hesse,Germany
50.116.49.48,false,Cedar Knolls,New Jersey,United States
172.104.128.34,false,Frankfurt am Main,Hesse,Germany
139.162.171.20,false,Frankfurt am Main,Hesse,Germany
45.79.137.84,false,Cedar Knolls,New Jersey,United States
139.162.176.184,false,Frankfurt am Main,Hesse,Germany
143.198.163.96,true,North Bergen,New Jersey,United States
165.232.97.163,true,London,England,United Kingdom
141.164.58.181,false,Paripark,Seoul,South Korea
158.247.192.207,false,Gangseo-gu,Seoul,South Korea
139.162.188.221,false,Frankfurt am Main,Hesse,Germany
45.90.57.15,true,Genève,Geneva,Switzerland
178.62.60.243,true,London,England,United Kingdom
43.249.36.77,true,Hong Kong,,Hong Kong
206.189.7.193,false,Amsterdam,North Holland,Netherlands
172.235.182.24,false,Amsterdam,North Holland,Netherlands
66.228.46.44,false,Cedar Knolls,New Jersey,United States
172.104.237.244,false,Frankfurt am Main,Hesse,Germany
64.225.73.193,false,Amsterdam,North Holland,Netherlands
139.162.145.166,false,Frankfurt am Main,Hesse,Germany
70.34.250.41,false,Warsaw,Mazovia,Poland
172.235.160.243,false,Amsterdam,North Holland,Netherlands
139.59.126.25,true,Singapore,,Singapore
172.235.174.64,false,Amsterdam,North Holland,Netherlands
212.71.250.30,false,London,England,United Kingdom
158.247.244.107,false,Paripark,Seoul,South Korea
172.104.230.151,false,Frankfurt am Main,Hesse,Germany
176.58.99.33,false,London,England,United Kingdom
45.79.249.216,false,Frankfurt am Main,Hesse,Germany
139.162.241.248,false,London,England,United Kingdom
85.90.245.61,false,Frankfurt am Main,Hesse,Germany
172.104.142.142,false,Frankfurt am Main,Hesse,Germany
45.77.246.24,false,Singapore,,Singapore
66.42.117.128,true,Elk Grove Village,Illinois,United States
45.79.139.225,true,Cedar Knolls,New Jersey,United States
159.223.221.123,false,Amsterdam,North Holland,Netherlands
172.235.182.4,false,Amsterdam,North Holland,Netherlands
45.79.137.215,true,Cedar Knolls,New Jersey,United States
50.116.48.230,false,Cedar Knolls,New Jersey,United States
213.168.248.101,false,London,England,United Kingdom
172.104.137.253,false,Frankfurt am Main,Hesse,Germany
172.235.173.241,false,Amsterdam,North Holland,Netherlands
158.247.215.129,false,Paripark,Seoul,South Korea
64.176.70.51,false,Warsaw,Mazovia,Poland
198.204.229.6,true,Kansas City,Missouri,United States
45.32.127.197,false,Singapore,,Singapore
162.216.18.219,false,Cedar Knolls,New Jersey,United States
109.74.194.196,false,London,England,United Kingdom
70.34.244.190,false,Warsaw,Mazovia,Poland
139.162.142.110,false,Frankfurt am Main,Hesse,Germany
165.232.97.61,true,London,England,United Kingdom
45.77.174.246,false,Singapore,,Singapore
66.175.223.142,true,Fremont,California,United States
139.162.163.86,false,Frankfurt am Main,Hesse,Germany
139.162.130.182,false,Frankfurt am Main,Hesse,Germany
43.249.36.71,true,Hong Kong,,Hong Kong
70.34.253.23,false,Warsaw,Mazovia,Poland
178.79.176.37,false,London,England,United Kingdom
192.81.135.40,false,Fremont,California,United States
172.105.79.141,false,Frankfurt am Main,Hesse,Germany
139.162.195.18,false,London,England,United Kingdom
164.92.159.19,false,Amsterdam,North Holland,Netherlands
209.151.150.25,true,New York City,New York,United States
91.235.234.157,true,Tallinn,Harjumaa,Estonia
207.244.89.180,true,Bethesda,Maryland,United States
206.189.98.110,false,Amsterdam,North Holland,Netherlands
139.162.190.125,false,Frankfurt am Main,Hesse,Germany
109.237.26.203,false,London,England,United Kingdom
70.34.249.8,false,Warsaw,Mazovia,Poland
64.176.69.83,false,Warsaw,Mazovia,Poland
194.195.241.185,false,Frankfurt am Main,Hesse,Germany
172.105.198.168,true,Tokyo,Tokyo,Japan
172.104.235.249,false,Frankfurt am Main,Hesse,Germany
139.162.144.236,false,Frankfurt am Main,Hesse,Germany
198.72.126.104,true,Montréal,Quebec,Canada
172.105.84.6,false,Frankfurt am Main,Hesse,Germany
172.239.233.76,false,Amsterdam,North Holland,Netherlands
45.79.111.148,false,Fremont,California,United States
212.71.252.32,false,London,England,United Kingdom
81.171.5.245,true,Amsterdam,North Holland,Netherlands
172.233.50.49,false,Amsterdam,North Holland,Netherlands
198.204.229.5,true,Kansas City,Missouri,United States
139.162.180.182,false,Frankfurt am Main,Hesse,Germany
139.162.170.96,false,Frankfurt am Main,Hesse,Germany
172.233.43.20,false,Amsterdam,North Holland,Netherlands
109.74.202.178,false,London,England,United Kingdom
70.34.247.218,false,Warsaw,Mazovia,Poland
172.233.58.4,false,Amsterdam,North Holland,Netherlands
172.105.83.105,false,Frankfurt am Main,Hesse,Germany
94.237.36.142,true,Helsinki,Uusimaa,Finland
172.233.51.92,false,Amsterdam,North Holland,Netherlands
180.149.231.19,true,Auckland,Auckland,New Zealand
172.234.115.23,true,Stockholm,Stockholm,Sweden
159.203.34.232,true,Toronto,Ontario,Canada
172.233.45.162,false,Amsterdam,North Holland,Netherlands
45.33.51.37,false,Fremont,California,United States
172.235.160.241,false,Amsterdam,North Holland,Netherlands
139.162.146.12,false,Frankfurt am Main,Hesse,Germany
172.104.141.148,false,Frankfurt am Main,Hesse,Germany
69.164.210.95,false,Cedar Knolls,New Jersey,United States
45.56.94.192,false,Fremont,California,United States
50.116.2.199,false,Fremont,California,United States
45.79.71.250,false,Fremont,California,United States
97.107.134.160,false,Cedar Knolls,New Jersey,United States
139.162.174.189,false,Frankfurt am Main,Hesse,Germany
23.229.116.38,true,Los Angeles,California,United States
192.46.236.50,false,Frankfurt am Main,Hesse,Germany
172.104.154.81,false,Frankfurt am Main,Hesse,Germany
172.105.70.149,true,Frankfurt am Main,Hesse,Germany
85.159.208.219,false,London,England,United Kingdom
109.237.27.189,false,London,England,United Kingdom
109.74.194.51,false,London,England,United Kingdom
184.164.129.82,true,Phoenix,Arizona,United States
172.235.190.133,false,Amsterdam,North Holland,Netherlands
172.104.203.125,false,Frankfurt am Main,Hesse,Germany
45.33.73.67,false,Cedar Knolls,New Jersey,United States
158.247.213.226,false,Gangseo-gu,Seoul,South Korea
172.235.168.190,false,Amsterdam,North Holland,Netherlands
74.207.241.224,false,Fremont,California,United States
172.105.75.75,false,Frankfurt am Main,Hesse,Germany
66.228.47.231,false,Cedar Knolls,New Jersey,United States
139.162.178.13,false,Frankfurt am Main,Hesse,Germany
158.247.203.251,true,Gangseo-gu,Seoul,South Korea
172.235.191.84,false,Amsterdam,North Holland,Netherlands
45.33.93.156,false,Cedar Knolls,New Jersey,United States
172.237.154.217,true,Chicago,Illinois,United States
172.104.235.147,false,Frankfurt am Main,Hesse,Germany
172.235.165.97,false,Amsterdam,North Holland,Netherlands
45.79.175.200,false,Cedar Knolls,New Jersey,United States
206.189.97.38,false,Amsterdam,North Holland,Netherlands
45.33.39.144,false,Fremont,California,United States
139.162.170.23,false,Frankfurt am Main,Hesse,Germany
66.175.210.15,false,Cedar Knolls,New Jersey,United States
139.162.228.252,false,London,England,United Kingdom
94.237.93.62,true,Frankfurt am Main,Hesse,Germany
45.77.245.110,false,Singapore,,Singapore
139.162.128.229,false,Frankfurt am Main,Hesse,Germany
50.116.12.131,false,Fremont,California,United States
85.90.247.161,false,Frankfurt am Main,Hesse,Germany
213.219.37.26,false,London,England,United Kingdom
185.3.95.128,false,London,England,United Kingdom
198.74.56.167,false,Cedar Knolls,New Jersey,United States
198.72.126.75,true,Montréal,Quebec,Canada
81.171.6.99,true,Amsterdam,North Holland,Netherlands
139.162.146.88,false,Frankfurt am Main,Hesse,Germany
213.219.38.110,false,London,England,United Kingdom
139.162.241.66,false,London,England,United Kingdom
172.233.54.97,false,Amsterdam,North Holland,Netherlands
139.59.141.179,true,Frankfurt am Main,Hesse,Germany
213.52.130.167,false,London,England,United Kingdom
172.235.167.71,false,Amsterdam,North Holland,Netherlands
172.104.152.164,false,Frankfurt am Main,Hesse,Germany
212.71.250.20,false,London,England,United Kingdom
172.105.64.190,false,Frankfurt am Main,Hesse,Germany
139.162.183.144,false,Frankfurt am Main,Hesse,Germany
172.105.246.168,false,Frankfurt am Main,Hesse,Germany
172.235.183.133,false,Amsterdam,North Holland,Netherlands
45.79.152.227,false,Cedar Knolls,New Jersey,United States
209.151.145.221,true,Santa Clara,California,United States
178.79.157.153,false,London,England,United Kingdom
104.192.3.90,true,Buffalo,New York,United States
85.90.244.8,false,Frankfurt am Main,Hesse,Germany
96.126.108.10,false,Cedar Knolls,New Jersey,United States
50.116.12.36,false,Fremont,California,United States
50.116.51.28,true,Cedar Knolls,New Jersey,United States
172.235.166.238,false,Amsterdam,North Holland,Netherlands
173.255.218.199,false,Fremont,California,United States
172.235.183.94,false,Amsterdam,North Holland,Netherlands
50.116.57.81,false,Cedar Knolls,New Jersey,United States
172.104.155.71,false,Frankfurt am Main,Hesse,Germany
139.177.179.56,false,Frankfurt am Main,Hesse,Germany
204.16.246.178,true,Pittsburgh,Pennsylvania,United States
172.235.165.130,false,Amsterdam,North Holland,Netherlands
45.33.95.220,false,Cedar Knolls,New Jersey,United States
139.162.131.146,false,Frankfurt am Main,Hesse,Germany
139.162.153.251,false,Frankfurt am Main,Hesse,Germany
172.232.195.149,true,Milan,Lombardy,Italy
139.162.165.25,false,Frankfurt am Main,Hesse,Germany
172.233.54.76,false,Amsterdam,North Holland,Netherlands
80.85.85.46,false,London,England,United Kingdom
23.92.26.15,false,Fremont,California,United States
173.255.247.58,false,Fremont,California,United States
23.92.21.185,false,Cedar Knolls,New Jersey,United States
173.255.242.169,false,Fremont,California,United States
140.99.254.182,true,Ashburn,Virginia,United States
176.58.124.174,false,London,England,United Kingdom
209.38.43.46,false,Amsterdam,North Holland,Netherlands
66.175.210.224,false,Cedar Knolls,New Jersey,United States
70.34.244.23,false,Warsaw,Mazovia,Poland
139.162.197.66,false,London,England,United Kingdom
64.176.71.151,false,Warsaw,Mazovia,Poland
45.33.50.155,false,Fremont,California,United States
45.79.187.46,false,Cedar Knolls,New Jersey,United States
173.255.235.80,false,Cedar Knolls,New Jersey,United States
23.83.129.68,true,Phoenix,Arizona,United States
45.33.50.30,false,Fremont,California,United States
178.79.184.22,false,London,England,United Kingdom
192.155.80.151,false,Fremont,California,United States
172.233.249.57,true,Paris,Île-de-France,France
209.151.153.27,true,New York City,New York,United States
70.34.245.185,false,Warsaw,Mazovia,Poland
193.42.38.122,true,Seattle,Washington,United States
23.92.21.212,true,Cedar Knolls,New Jersey,United States
172.105.76.89,false,Frankfurt am Main,Hesse,Germany
172.233.50.71,false,Amsterdam,North Holland,Netherlands
172.235.163.223,false,Amsterdam,North Holland,Netherlands
74.207.243.189,false,Fremont,California,United States
172.233.54.38,false,Amsterdam,North Holland,Netherlands
45.76.144.215,false,Singapore,,Singapore
74.207.251.175,false,Fremont,California,United States
109.74.198.27,false,London,England,United Kingdom
70.34.253.254,false,Warsaw,Mazovia,Poland
158.247.196.232,false,Gangseo-gu,Seoul,South Korea
158.247.231.219,false,Paripark,Seoul,South Korea
172.105.95.168,false,Frankfurt am Main,Hesse,Germany
139.162.152.213,false,Frankfurt am Main,Hesse,Germany
172.105.69.26,false,Frankfurt am Main,Hesse,Germany
172.233.145.160,true,Los Angeles,California,United States
172.104.137.117,false,Frankfurt am Main,Hesse,Germany
139.162.137.171,false,Frankfurt am Main,Hesse,Germany
139.162.179.21,false,Frankfurt am Main,Hesse,Germany
178.62.216.181,false,Amsterdam,North Holland,Netherlands
195.123.225.63,true,Sofia,Sofia-Capital,Bulgaria
131.153.26.190,true,Atlanta,Georgia,United States
45.77.169.4,false,Singapore,,Singapore
139.162.180.137,false,Frankfurt am Main,Hesse,Germany
172.104.31.17,false,Cedar Knolls,New Jersey,United States
172.105.80.100,false,Frankfurt am Main,Hesse,Germany
140.99.254.181,true,Ashburn,Virginia,United States
45.76.161.25,false,Singapore,,Singapore
109.237.26.62,false,London,England,United Kingdom
97.107.135.15,false,Cedar Knolls,New Jersey,United States
45.33.88.241,false,Cedar Knolls,New Jersey,United States
96.126.96.215,false,Fremont,California,United States
45.76.179.0,false,Singapore,,Singapore
85.90.247.40,false,Frankfurt am Main,Hesse,Germany
212.71.250.100,false,London,England,United Kingdom
172.104.225.46,false,Frankfurt am Main,Hesse,Germany
88.80.185.61,false,London,England,United Kingdom
38.54.36.203,true,Manila,Metro Manila,Philippines
172.104.252.84,false,Frankfurt am Main,Hesse,Germany
172.105.64.214,false,Frankfurt am Main,Hesse,Germany
154.223.16.47,true,Barrio San Luis,Bogota D.C.,Colombia
172.104.143.223,false,Frankfurt am Main,Hesse,Germany
64.176.70.183,false,Warsaw,Mazovia,Poland
70.34.253.232,false,Warsaw,Mazovia,Poland
173.255.215.140,false,Fremont,California,United States
172.105.73.116,true,Frankfurt am Main,Hesse,Germany
45.76.158.115,false,Singapore,,Singapore
172.104.148.43,false,Frankfurt am Main,Hesse,Germany
139.162.229.250,false,London,England,United Kingdom
45.33.83.185,false,Cedar Knolls,New Jersey,United States
69.164.214.60,false,Cedar Knolls,New Jersey,United States
176.58.108.17,false,London,England,United Kingdom
178.79.168.118,false,London,England,United Kingdom
45.33.75.217,false,Cedar Knolls,New Jersey,United States
172.233.54.149,false,Amsterdam,North Holland,Netherlands
23.92.17.128,false,Cedar Knolls,New Jersey,United States
139.162.159.245,false,Frankfurt am Main,Hesse,Germany
139.162.130.130,false,Frankfurt am Main,Hesse,Germany
172.235.191.122,false,Amsterdam,North Holland,Netherlands
198.74.57.228,false,Cedar Knolls,New Jersey,United States
173.255.212.126,false,Fremont,California,United States
139.162.142.154,false,Frankfurt am Main,Hesse,Germany
158.247.222.161,false,Gangseo-gu,Seoul,South Korea
205.185.121.83,true,Las Vegas,Nevada,United States
172.235.181.189,false,Amsterdam,North Holland,Netherlands
172.105.87.150,false,Frankfurt am Main,Hesse,Germany
38.60.209.231,true,Diadema,São Paulo,Brazil
172.105.79.34,false,Frankfurt am Main,Hesse,Germany
178.79.176.4,false,London,England,United Kingdom
139.162.251.116,false,London,England,United Kingdom
139.162.155.39,false,Frankfurt am Main,Hesse,Germany
104.237.150.212,false,Cedar Knolls,New Jersey,United States
45.79.159.123,false,Cedar Knolls,New Jersey,United States
172.104.135.230,false,Frankfurt am Main,Hesse,Germany
38.15.146.106,true,Montréal,Quebec,Canada
172.104.252.88,false,Frankfurt am Main,Hesse,Germany
139.162.174.203,false,Frankfurt am Main,Hesse,Germany
88.80.188.137,false,London,England,United Kingdom
79.141.174.106,true,Stockholm,Stockholm,Sweden
198.74.62.229,false,Cedar Knolls,New Jersey,United States
139.162.182.48,false,Frankfurt am Main,Hesse,Germany
85.90.244.174,false,Frankfurt am Main,Hesse,Germany
173.255.246.141,false,Fremont,California,United States
205.185.113.204,true,Las Vegas,Nevada,United States
178.209.50.144,true,Zürich,Zurich,Switzerland
43.249.36.86,true,Hong Kong,,Hong Kong
141.164.45.212,false,Paripark,Seoul,South Korea
207.244.71.51,true,Washington,District of Columbia,United States
198.204.229.2,true,Kansas City,Missouri,United States
141.164.52.4,false,Paripark,Seoul,South Korea
131.153.26.189,true,Atlanta,Georgia,United States
139.162.179.116,false,Frankfurt am Main,Hesse,Germany
172.105.79.152,false,Frankfurt am Main,Hesse,Germany
66.175.211.164,false,Cedar Knolls,New Jersey,United States
23.92.22.48,false,Cedar Knolls,New Jersey,United States
66.228.32.94,false,Cedar Knolls,New Jersey,United States
45.32.103.149,false,Singapore,,Singapore
45.56.108.30,false,Cedar Knolls,New Jersey,United States
172.105.65.91,false,Frankfurt am Main,Hesse,Germany
172.235.168.176,false,Amsterdam,North Holland,Netherlands
158.247.248.82,false,Gangseo-gu,Seoul,South Korea
178.79.139.207,false,London,England,United Kingdom
74.207.243.155,false,Fremont,California,United States
50.116.57.209,false,Cedar Knolls,New Jersey,United States
172.235.191.188,true,Amsterdam,North Holland,Netherlands
60.248.41.136,true,Taoyuan City,Taiwan,Taiwan
139.162.150.242,false,Frankfurt am Main,Hesse,Germany
45.77.41.144,false,Singapore,,Singapore
45.79.171.80,false,Cedar Knolls,New Jersey,United States
64.176.64.204,false,Warsaw,Mazovia,Poland
172.235.183.243,false,Amsterdam,North Holland,Netherlands
172.233.50.84,false,Amsterdam,North Holland,Netherlands
172.105.64.115,false,Frankfurt am Main,Hesse,Germany
85.159.210.19,false,London,England,United Kingdom
172.104.252.115,false,Frankfurt am Main,Hesse,Germany
172.233.47.203,false,Amsterdam,North Holland,Netherlands
69.164.210.149,false,Cedar Knolls,New Jersey,United States
173.255.214.208,false,Fremont,California,United States
45.33.62.142,false,Fremont,California,United States
70.34.254.203,false,Warsaw,Mazovia,Poland
143.110.229.176,true,Santa Clara,California,United States
172.233.41.44,false,Amsterdam,North Holland,Netherlands
139.162.57.177,true,Singapore,,Singapore
158.247.209.155,false,Paripark,Seoul,South Korea
139.162.166.239,false,Frankfurt am Main,Hesse,Germany
85.159.208.97,false,London,England,United Kingdom
172.233.56.41,false,Amsterdam,North Holland,Netherlands
45.79.184.58,false,Cedar Knolls,New Jersey,United States
169.44.145.243,true,San Jose,California,United States
45.79.181.158,false,Cedar Knolls,New Jersey,United States
139.162.184.136,false,Frankfurt am Main,Hesse,Germany
80.85.85.167,false,London,England,United Kingdom
151.236.216.39,false,London,England,United Kingdom
172.245.236.8,true,Portland,Oregon,United States
139.162.253.245,true,London,England,United Kingdom
172.104.10.185,false,Cedar Knolls,New Jersey,United States
172.104.208.148,false,Cedar Knolls,New Jersey,United States
172.104.135.163,false,Frankfurt am Main,Hesse,Germany
85.90.244.219,false,Frankfurt am Main,Hesse,Germany
45.79.92.214,false,Fremont,California,United States
178.79.131.161,false,London,England,United Kingdom
45.79.103.193,false,Fremont,California,United States
172.104.152.237,false,Frankfurt am Main,Hesse,Germany
172.235.168.123,false,Amsterdam,North Holland,Netherlands
45.77.37.2,false,Singapore,,Singapore
45.33.73.140,false,Cedar Knolls,New Jersey,United States
172.104.230.129,false,Frankfurt am Main,Hesse,Germany
66.228.40.17,false,Cedar Knolls,New Jersey,United States
172.104.151.131,false,Frankfurt am Main,Hesse,Germany
70.34.242.115,false,Warsaw,Mazovia,Poland
188.166.30.220,false,Amsterdam,North Holland,Netherlands
172.232.186.29,true,Tukwila,Washington,United States
172.104.240.204,false,Frankfurt am Main,Hesse,Germany
139.162.156.121,false,Frankfurt am Main,Hesse,Germany
109.237.27.152,false,London,England,United Kingdom
139.162.185.27,false,Frankfurt am Main,Hesse,Germany
172.104.155.136,false,Frankfurt am Main,Hesse,Germany
139.162.195.202,false,London,England,United Kingdom
66.228.35.228,false,Cedar Knolls,New Jersey,United States
176.58.126.152,false,London,England,United Kingdom
172.235.183.35,false,Amsterdam,North Holland,Netherlands
45.33.74.229,false,Cedar Knolls,New Jersey,United States
70.34.243.117,false,Warsaw,Mazovia,Poland
66.175.217.38,false,Fremont,California,United States
5.199.174.195,true,Šiauliai,Siauliai,Lithuania
194.71.126.19,true,Belgrade,Central Serbia,Serbia
172.233.40.174,false,Amsterdam,North Holland,Netherlands
64.176.69.208,false,Warsaw,Mazovia,Poland
139.162.178.197,false,Frankfurt am Main,Hesse,Germany
103.60.15.203,true,Buffalo,New York,United States
172.104.156.201,false,Frankfurt am Main,Hesse,Germany
192.155.91.206,false,Cedar Knolls,New Jersey,United States
172.104.229.176,false,Frankfurt am Main,Hesse,Germany
173.255.214.97,false,Fremont,California,United States
173.255.248.109,false,Fremont,California,United States
172.235.163.104,false,Amsterdam,North Holland,Netherlands
172.104.228.126,false,Frankfurt am Main,Hesse,Germany
139.162.174.25,false,Frankfurt am Main,Hesse,Germany
172.105.80.82,false,Frankfurt am Main,Hesse,Germany
178.79.183.246,false,London,England,United Kingdom
173.230.145.231,false,Fremont,California,United States
64.176.73.10,false,Warsaw,Mazovia,Poland
172.236.54.233,true,Melbourne,Victoria,Australia
188.166.113.243,true,Amsterdam,North Holland,Netherlands
207.244.89.163,true,Bethesda,Maryland,United States
81.171.6.106,true,Amsterdam,North Holland,Netherlands
172.233.43.196,false,Amsterdam,North Holland,Netherlands
66.175.215.75,false,Cedar Knolls,New Jersey,United States
158.247.248.89,false,Gangseo-gu,Seoul,South Korea
172.105.246.64,false,Frankfurt am Main,Hesse,Germany
172.233.44.70,false,Amsterdam,North Holland,Netherlands
172.104.142.242,false,Frankfurt am Main,Hesse,Germany
178.79.183.33,false,London,England,United Kingdom
139.162.170.26,false,Frankfurt am Main,Hesse,Germany
206.53.48.226,true,Tbilisi,Tbilisi,Georgia
139.162.231.119,false,London,England,United Kingdom
45.77.253.99,false,Singapore,,Singapore
139.162.137.54,false,Frankfurt am Main,Hesse,Germany
188.34.158.228,true,Falkenstein,Saxony,Germany
172.233.50.48,false,Amsterdam,North Holland,Netherlands
172.235.160.77,false,Amsterdam,North Holland,Netherlands
208.83.238.183,true,Honolulu,Hawaii,United States
172.235.191.135,false,Amsterdam,North Holland,Netherlands
107.182.235.104,true,Salt Lake City,Utah,United States
131.153.26.188,true,Atlanta,Georgia,United States
139.162.156.100,false,Frankfurt am Main,Hesse,Germany
172.104.214.213,false,Cedar Knolls,New Jersey,United States
172.233.43.179,false,Amsterdam,North Holland,Netherlands
77.73.68.110,true,Saint Petersburg,St.-Petersburg,Russia
178.79.149.236,false,London,England,United Kingdom
213.168.248.145,false,London,England,United Kingdom
141.164.37.115,false,Gangseo-gu,Seoul,South Korea
140.99.254.180,true,Ashburn,Virginia,United States
45.33.107.29,false,Fremont,California,United States
172.104.17.153,false,Cedar Knolls,New Jersey,United States
172.235.165.185,false,Amsterdam,North Holland,Netherlands
172.105.102.16,true,Toronto,Ontario,Canada
139.162.131.245,false,Frankfurt am Main,Hesse,Germany
172.104.150.189,false,Frankfurt am Main,Hesse,Germany
45.79.168.197,false,Cedar Knolls,New Jersey,United States
88.80.185.251,false,London,England,United Kingdom
158.247.237.102,false,Paripark,Seoul,South Korea
45.79.132.103,false,Cedar Knolls,New Jersey,United States
172.104.134.164,false,Frankfurt am Main,Hesse,Germany
116.202.21.198,true,Falkenstein,Saxony,Germany
172.104.154.63,false,Frankfurt am Main,Hesse,Germany
178.79.154.239,false,London,England,United Kingdom
64.74.163.125,true,Montréal,Quebec,Canada
45.56.83.134,false,Fremont,California,United States
45.32.125.59,false,Singapore,,Singapore
172.105.94.133,false,Frankfurt am Main,Hesse,Germany
172.235.163.227,false,Amsterdam,North Holland,Netherlands
38.60.194.163,true,Kuala Lumpur,Kuala Lumpur,Malaysia
172.104.237.254,false,Frankfurt am Main,Hesse,Germany
172.105.87.99,false,Frankfurt am Main,Hesse,Germany
104.248.87.158,false,Amsterdam,North Holland,Netherlands
172.235.166.109,false,Amsterdam,North Holland,Netherlands
45.33.83.22,false,Cedar Knolls,New Jersey,United States
172.104.225.215,false,Frankfurt am Main,Hesse,Germany
139.162.229.23,false,London,England,United Kingdom
184.164.129.84,true,Phoenix,Arizona,United States
45.33.88.154,true,Cedar Knolls,New Jersey,United States
195.123.212.210,true,Riga,Riga,Latvia
70.34.252.116,false,Warsaw,Mazovia,Poland
139.162.141.81,false,Frankfurt am Main,Hesse,Germany
139.162.182.162,false,Frankfurt am Main,Hesse,Germany
172.104.234.133,false,Frankfurt am Main,Hesse,Germany
45.77.241.5,false,Singapore,,Singapore
45.33.64.67,false,Cedar Knolls,New Jersey,United States
70.34.250.194,false,Warsaw,Mazovia,Poland
172.104.128.33,false,Frankfurt am Main,Hesse,Germany
172.104.138.145,false,Frankfurt am Main,Hesse,Germany
139.162.215.199,false,London,England,United Kingdom
172.104.138.71,false,Frankfurt am Main,Hesse,Germany
64.176.68.82,false,Warsaw,Mazovia,Poland
141.164.41.161,false,Gangseo-gu,Seoul,South Korea
172.233.43.214,false,Amsterdam,North Holland,Netherlands
172.235.191.195,false,Amsterdam,North Holland,Netherlands
45.79.115.171,false,Fremont,California,United States
23.92.19.84,true,Cedar Knolls,New Jersey,United States
45.79.162.170,false,Cedar Knolls,New Jersey,United States
139.162.191.127,false,Frankfurt am Main,Hesse,Germany
139.162.157.240,false,Frankfurt am Main,Hesse,Germany
134.209.192.85,false,Amsterdam,North Holland,Netherlands
139.162.142.126,false,Frankfurt am Main,Hesse,Germany
94.237.109.158,true,Amsterdam,North Holland,Netherlands
23.83.184.143,true,Phoenix,Arizona,United States
172.105.65.197,false,Frankfurt am Main,Hesse,Germany
213.168.248.70,false,London,England,United Kingdom
45.79.103.68,false,Fremont,California,United States
45.79.149.37,false,Cedar Knolls,New Jersey,United States
64.176.72.47,false,Warsaw,Mazovia,Poland
172.104.24.23,false,Cedar Knolls,New Jersey,United States
172.104.208.26,true,Cedar Knolls,New Jersey,United States
139.162.170.52,false,Frankfurt am Main,Hesse,Germany
164.92.219.201,false,Amsterdam,North Holland,Netherlands
139.162.189.7,false,Frankfurt am Main,Hesse,Germany
172.105.65.186,false,Frankfurt am Main,Hesse,Germany
96.126.107.240,false,Cedar Knolls,New Jersey,United States
213.52.130.57,false,London,England,United Kingdom
23.229.116.34,true,Los Angeles,California,United States
45.79.163.174,false,Cedar Knolls,New Jersey,United States
172.105.86.136,false,Frankfurt am Main,Hesse,Germany
172.105.93.252,false,Frankfurt am Main,Hesse,Germany
212.71.250.16,false,London,England,United Kingdom
172.104.11.58,false,Cedar Knolls,New Jersey,United States
151.236.216.19,false,London,England,United Kingdom
188.166.46.156,false,Amsterdam,North Holland,Netherlands
69.164.221.251,false,Cedar Knolls,New Jersey,United States
164.90.201.32,false,Amsterdam,North Holland,Netherlands
173.255.232.224,false,Cedar Knolls,New Jersey,United States
207.244.71.70,true,Washington,District of Columbia,United States
173.255.218.43,false,Fremont,California,United States
178.79.149.237,false,London,England,United Kingdom
172.104.249.83,false,Frankfurt am Main,Hesse,Germany
46.101.208.45,true,Frankfurt am Main,Hesse,Germany
172.233.45.129,false,Amsterdam,North Holland,Netherlands
173.255.228.127,false,Cedar Knolls,New Jersey,United States
50.116.12.128,false,Fremont,California,United States
184.164.129.83,true,Phoenix,Arizona,United States
172.105.171.153,true,Sydney,New South Wales,Australia
167.172.40.225,false,Amsterdam,North Holland,Netherlands
70.34.252.241,false,Warsaw,Mazovia,Poland
45.33.95.175,false,Cedar Knolls,New Jersey,United States
139.162.130.228,false,Frankfurt am Main,Hesse,Germany
172.104.148.90,false,Frankfurt am Main,Hesse,Germany
172.104.241.239,false,Frankfurt am Main,Hesse,Germany
178.79.129.239,false,London,England,United Kingdom
172.235.181.229,false,Amsterdam,North Holland,Netherlands
172.104.132.213,false,Frankfurt am Main,Hesse,Germany
158.247.244.149,false,Gangseo-gu,Seoul,South Korea
172.233.61.127,false,Amsterdam,North Holland,Netherlands
198.72.126.197,true,Montréal,Quebec,Canada
176.58.105.198,false,London,England,United Kingdom
178.62.3.31,true,London,England,United Kingdom
45.79.71.150,false,Fremont,California,United States
194.195.241.193,false,Frankfurt am Main,Hesse,Germany
139.162.228.192,false,London,England,United Kingdom
167.99.39.23,false,Amsterdam,North Holland,Netherlands
104.248.90.48,false,Amsterdam,North Holland,Netherlands
172.105.84.162,true,Frankfurt am Main,Hesse,Germany
152.42.142.13,false,Amsterdam,North Holland,Netherlands
139.162.172.84,false,Frankfurt am Main,Hesse,Germany
164.92.155.219,false,Amsterdam,North Holland,Netherlands
176.58.117.81,false,London,England,United Kingdom
45.33.76.146,false,Cedar Knolls,New Jersey,United States
172.235.175.127,false,Amsterdam,North Holland,Netherlands
64.176.66.123,false,Warsaw,Mazovia,Poland
45.33.56.218,false,Fremont,California,United States
172.104.130.130,false,Frankfurt am Main,Hesse,Germany
151.236.222.239,false,London,England,United Kingdom
172.105.94.91,false,Frankfurt am Main,Hesse,Germany
141.164.34.207,false,Gangseo-gu,Seoul,South Korea
66.228.43.5,false,Cedar Knolls,New Jersey,United States
109.237.27.233,false,London,England,United Kingdom
172.105.249.230,false,Frankfurt am Main,Hesse,Germany
139.162.128.236,false,Frankfurt am Main,Hesse,Germany
213.219.38.217,false,London,England,United Kingdom
50.116.58.199,false,Cedar Knolls,New Jersey,United States
172.104.238.39,false,Frankfurt am Main,Hesse,Germany
172.235.182.172,false,Amsterdam,North Holland,Netherlands
139.162.156.236,false,Frankfurt am Main,Hesse,Germany
66.228.40.212,false,Cedar Knolls,New Jersey,United States
139.162.163.45,false,Frankfurt am Main,Hesse,Germany
213.52.130.224,false,London,England,United Kingdom
141.164.37.57,false,Paripark,Seoul,South Korea
172.233.54.64,false,Amsterdam,North Holland,Netherlands
45.77.248.240,false,Singapore,,Singapore
139.162.152.115,false,Frankfurt am Main,Hesse,Germany
167.71.5.16,false,Amsterdam,North Holland,Netherlands
69.164.212.219,false,Cedar Knolls,New Jersey,United States
206.189.4.100,false,Amsterdam,North Holland,Netherlands
172.245.236.7,true,Portland,Oregon,United States
156.38.239.148,true,Johannesburg,Gauteng,South Africa
172.235.174.121,false,Amsterdam,North Holland,Netherlands
162.216.16.33,false,Cedar Knolls,New Jersey,United States
45.79.71.156,false,Fremont,California,United States
212.71.247.124,false,London,England,United Kingdom
139.162.158.194,false,Frankfurt am Main,Hesse,Germany
141.164.61.19,false,Paripark,Seoul,South Korea
141.164.50.199,false,Paripark,Seoul,South Korea
207.244.89.179,true,Washington,District of Columbia,United States
139.162.135.134,false,Frankfurt am Main,Hesse,Germany
45.79.138.164,false,Cedar Knolls,New Jersey,United States
64.176.84.176,false,Singapore,,Singapore
45.33.75.243,false,Cedar Knolls,New Jersey,United States
104.244.76.100,true,Bern,Bern,Switzerland
178.79.144.143,false,London,England,United Kingdom
23.239.21.35,false,Fremont,California,United States
172.104.208.107,false,Cedar Knolls,New Jersey,United States
45.79.145.139,false,Cedar Knolls,New Jersey,United States
172.105.95.111,false,Frankfurt am Main,Hesse,Germany
23.239.13.87,false,Cedar Knolls,New Jersey,United States
172.233.45.156,false,Amsterdam,North Holland,Netherlands
172.235.163.234,false,Amsterdam,North Holland,Netherlands
172.233.145.225,true,Los Angeles,California,United States
173.255.209.234,false,Fremont,California,United States
139.162.147.54,false,Frankfurt am Main,Hesse,Germany
45.76.187.26,false,Singapore,,Singapore
158.247.232.220,false,Paripark,Seoul,South Korea
172.235.160.186,false,Amsterdam,North Holland,Netherlands
50.116.58.207,false,Cedar Knolls,New Jersey,United States
167.172.255.64,true,Clifton,New Jersey,United States
94.237.52.58,true,London,England,United Kingdom
193.108.58.60,true,Vancouver,British Columbia,Canada
103.60.15.204,true,Buffalo,New York,United States
23.229.116.35,true,Los Angeles,California,United States
192.81.131.77,false,Fremont,California,United States
178.73.210.87,true,Stockholm,Stockholm,Sweden
213.168.248.141,false,London,England,United Kingdom
45.79.171.219,false,Cedar Knolls,New Jersey,United States
172.105.247.162,false,Frankfurt am Main,Hesse,Germany
184.107.108.131,true,Montréal,Quebec,Canada
96.126.107.218,false,Cedar Knolls,New Jersey,United States
213.52.130.100,false,London,England,United Kingdom
172.235.175.197,false,Amsterdam,North Holland,Netherlands
178.79.147.212,false,London,England,United Kingdom
188.166.83.184,false,Amsterdam,North Holland,Netherlands
172.104.225.47,false,Frankfurt am Main,Hesse,Germany
172.105.79.159,false,Frankfurt am Main,Hesse,Germany
158.247.213.121,false,Gangseo-gu,Seoul,South Korea
172.233.56.40,false,Amsterdam,North Holland,Netherlands
173.255.228.165,false,Cedar Knolls,New Jersey,United States
172.105.94.247,false,Frankfurt am Main,Hesse,Germany
172.235.160.201,false,Amsterdam,North Holland,Netherlands
172.105.249.23,false,Frankfurt am Main,Hesse,Germany
103.60.15.206,true,Buffalo,New York,United States
139.162.148.204,false,Frankfurt am Main,Hesse,Germany
45.33.33.158,false,Fremont,California,United States
173.230.156.4,false,Fremont,California,United States
97.107.135.12,false,Cedar Knolls,New Jersey,United States
172.233.54.37,false,Amsterdam,North Holland,Netherlands
178.79.129.133,false,London,England,United Kingdom
96.126.109.168,false,Cedar Knolls,New Jersey,United States
172.235.189.124,false,Amsterdam,North Holland,Netherlands
97.107.130.182,false,Cedar Knolls,New Jersey,United States
139.162.159.232,false,Frankfurt am Main,Hesse,Germany
2.58.241.42,true,Taipei,Taiwan,Taiwan
172.235.160.85,false,Amsterdam,North Holland,Netherlands
176.58.108.35,false,London,England,United Kingdom
192.46.236.222,false,Frankfurt am Main,Hesse,Germany
139.162.148.25,false,Frankfurt am Main,Hesse,Germany
172.105.87.101,false,Frankfurt am Main,Hesse,Germany
139.162.146.40,false,Frankfurt am Main,Hesse,Germany
138.197.164.98,true,Toronto,Ontario,Canada
50.116.56.161,false,Cedar Knolls,New Jersey,United States
172.104.251.89,false,Frankfurt am Main,Hesse,Germany
207.148.78.58,false,Singapore,,Singapore
74.207.252.254,false,Fremont,California,United States
207.148.68.245,false,Singapore,,Singapore
45.32.120.180,false,Singapore,,Singapore
172.105.189.128,true,Sydney,New South Wales,Australia
45.159.250.51,true,Almaty,Almaty,Kazakhstan
172.104.20.210,false,Cedar Knolls,New Jersey,United States
176.58.99.199,false,London,England,United Kingdom
135.181.156.129,true,Helsinki,Uusimaa,Finland
192.155.82.238,false,Fremont,California,United States
50.116.2.136,false,Fremont,California,United States
176.58.108.224,false,London,England,United Kingdom
69.164.219.248,false,Cedar Knolls,New Jersey,United States
172.105.244.124,false,Frankfurt am Main,Hesse,Germany
139.162.150.68,false,Frankfurt am Main,Hesse,Germany
167.99.191.222,false,Toronto,Ontario,Canada
23.229.116.36,true,Los Angeles,California,United States
87.120.237.105,true,Milan,Lombardy,Italy
172.105.249.193,false,Frankfurt am Main,Hesse,Germany
139.162.195.5,false,London,England,United Kingdom
64.176.71.23,false,Warsaw,Mazovia,Poland
104.200.25.227,false,Fremont,California,United States
172.105.249.242,false,Frankfurt am Main,Hesse,Germany
173.255.212.224,false,Fremont,California,United States
51.15.212.95,true,Paris,Île-de-France,France
85.90.245.23,false,Frankfurt am Main,Hesse,Germany
172.233.40.170,false,Amsterdam,North Holland,Netherlands
172.235.191.71,false,Amsterdam,North Holland,Netherlands
81.171.5.244,true,Amsterdam,North Holland,Netherlands
45.76.159.118,false,Singapore,,Singapore
172.233.49.200,false,Amsterdam,North Holland,Netherlands
45.76.155.23,false,Singapore,,Singapore
200.55.241.54,true,Buenos Aires,Buenos Aires F.D.,Argentina
178.79.147.216,false,London,England,United Kingdom
139.162.158.85,false,Frankfurt am Main,Hesse,Germany
178.79.176.223,false,London,England,United Kingdom
172.104.143.55,false,Frankfurt am Main,Hesse,Germany
23.239.13.56,false,Cedar Knolls,New Jersey,United States
172.104.159.67,false,Frankfurt am Main,Hesse,Germany
74.207.251.86,false,Fremont,California,United States
178.62.233.118,false,Amsterdam,North Holland,Netherlands
172.235.163.97,false,Amsterdam,North Holland,Netherlands
172.104.136.91,false,Frankfurt am Main,Hesse,Germany
139.162.130.117,false,Frankfurt am Main,Hesse,Germany
45.79.147.42,false,Cedar Knolls,New Jersey,United States
216.250.97.118,true,Hong Kong,,Hong Kong
172.104.13.130,false,Cedar Knolls,New Jersey,United States
159.223.215.36,false,Amsterdam,North Holland,Netherlands
172.235.183.230,false,Amsterdam,North Holland,Netherlands
172.235.175.75,false,Amsterdam,North Holland,Netherlands
64.74.163.122,true,Montréal,Quebec,Canada
172.105.87.36,false,Frankfurt am Main,Hesse,Germany
97.107.132.65,false,Cedar Knolls,New Jersey,United States
172.104.235.139,false,Frankfurt am Main,Hesse,Germany
74.201.177.106,true,Los Angeles,California,United States
198.204.229.3,true,Kansas City,Missouri,United States
172.233.47.193,false,Amsterdam,North Holland,Netherlands
172.104.251.179,false,Frankfurt am Main,Hesse,Germany
45.79.170.208,false,Cedar Knolls,New Jersey,United States
45.79.134.231,false,Cedar Knolls,New Jersey,United States
45.56.94.81,false,Fremont,California,United States
139.162.144.43,false,Frankfurt am Main,Hesse,Germany
172.235.163.176,false,Amsterdam,North Holland,Netherlands
139.162.185.103,false,Frankfurt am Main,Hesse,Germany
69.164.221.211,false,Cedar Knolls,New Jersey,United States
139.162.166.247,false,Frankfurt am Main,Hesse,Germany
172.104.142.130,false,Frankfurt am Main,Hesse,Germany
158.247.251.176,false,Paripark,Seoul,South Korea
139.162.130.243,false,Frankfurt am Main,Hesse,Germany
172.104.9.104,false,Cedar Knolls,New Jersey,United States
66.42.52.66,false,Singapore,,Singapore
50.116.57.12,false,Cedar Knolls,New Jersey,United States
23.92.16.101,false,Cedar Knolls,New Jersey,United States
141.164.47.96,false,Gangseo-gu,Seoul,South Korea
64.176.72.86,false,Warsaw,Mazovia,Poland
45.33.95.198,false,Cedar Knolls,New Jersey,United States
139.162.180.68,false,Frankfurt am Main,Hesse,Germany
172.104.235.89,false,Frankfurt am Main,Hesse,Germany
50.116.13.145,false,Fremont,California,United States
192.36.27.151,true,Copenhagen,Capital Region,Denmark
158.247.201.119,true,Gangseo-gu,Seoul,South Korea
173.255.232.232,false,Cedar Knolls,New Jersey,United States
45.33.94.117,false,Cedar Knolls,New Jersey,United States
104.237.144.101,false,Cedar Knolls,New Jersey,United States
212.71.250.228,false,London,England,United Kingdom
96.126.102.222,true,Fremont,California,United States
192.46.236.180,false,Frankfurt am Main,Hesse,Germany
172.239.238.27,false,Amsterdam,North Holland,Netherlands
64.176.72.55,false,Warsaw,Mazovia,Poland
96.126.96.176,false,Fremont,California,United States
172.104.137.109,false,Frankfurt am Main,Hesse,Germany
139.162.163.105,false,Frankfurt am Main,Hesse,Germany
85.90.247.46,false,Frankfurt am Main,Hesse,Germany
158.247.239.142,false,Paripark,Seoul,South Korea
151.236.216.208,false,London,England,United Kingdom
209.38.42.105,false,Amsterdam,North Holland,Netherlands
45.79.156.210,false,Cedar Knolls,New Jersey,United States
69.164.210.39,false,Cedar Knolls,New Jersey,United States
45.56.103.221,false,Cedar Knolls,New Jersey,United States
109.74.196.211,false,London,England,United Kingdom
192.46.237.236,false,Frankfurt am Main,Hesse,Germany
172.235.181.180,false,Amsterdam,North Holland,Netherlands
139.162.152.94,false,Frankfurt am Main,Hesse,Germany
23.239.9.72,false,Cedar Knolls,New Jersey,United States
45.79.111.4,false,Fremont,California,United States
139.162.241.37,false,London,England,United Kingdom
172.104.236.183,false,Frankfurt am Main,Hesse,Germany
172.105.87.41,false,Frankfurt am Main,Hesse,Germany
172.233.49.211,false,Amsterdam,North Holland,Netherlands
70.34.245.1,false,Warsaw,Mazovia,Poland
172.105.95.179,false,Frankfurt am Main,Hesse,Germany
23.83.184.144,true,Phoenix,Arizona,United States
23.92.25.105,false,Fremont,California,United States
172.104.154.219,false,Frankfurt am Main,Hesse,Germany
172.105.75.98,false,Frankfurt am Main,Hesse,Germany
158.247.216.185,false,Gangseo-gu,Seoul,South Korea
192.46.236.25,false,Frankfurt am Main,Hesse,Germany
185.175.56.117,true,Oslo,Oslo,Norway
173.255.242.143,false,Fremont,California,United States
172.233.52.102,false,Amsterdam,North Holland,Netherlands
172.236.142.164,true,Singapore,,Singapore
172.233.58.57,false,Amsterdam,North Holland,Netherlands
50.116.56.29,false,Cedar Knolls,New Jersey,United States
45.33.39.130,false,Fremont,California,United States
139.180.212.211,false,Singapore,,Singapore
172.104.142.216,false,Frankfurt am Main,Hesse,Germany
158.247.223.202,false,Gangseo-gu,Seoul,South Korea
176.58.108.115,false,London,England,United Kingdom
139.162.231.115,false,London,England,United Kingdom
213.183.41.230,true,Moscow,Moscow,Russia
172.104.235.252,false,Frankfurt am Main,Hesse,Germany
184.164.129.86,true,Phoenix,Arizona,United States
172.104.235.58,false,Frankfurt am Main,Hesse,Germany
50.116.10.190,false,Fremont,California,United States
172.105.249.13,false,Frankfurt am Main,Hesse,Germany
45.79.181.30,false,Cedar Knolls,New Jersey,United States
209.151.145.219,true,Santa Clara,California,United States
70.34.247.93,false,Warsaw,Mazovia,Poland
45.86.228.82,true,Al Fujairah City,Fujairah,United Arab Emirates
70.34.254.83,false,Warsaw,Mazovia,Poland
188.166.40.210,false,Amsterdam,North Holland,Netherlands
172.104.132.214,false,Frankfurt am Main,Hesse,Germany
172.104.136.203,false,Frankfurt am Main,Hesse,Germany
104.244.76.84,true,Bern,Bern,Switzerland
172.233.43.177,false,Amsterdam,North Holland,Netherlands
158.247.211.80,false,Gangseo-gu,Seoul,South Korea
172.104.152.200,false,Frankfurt am Main,Hesse,Germany
66.175.210.184,false,Cedar Knolls,New Jersey,United States
173.255.242.204,false,Fremont,California,United States
158.247.246.236,false,Paripark,Seoul,South Korea
97.107.137.220,false,Cedar Knolls,New Jersey,United States
45.77.32.79,false,Singapore,,Singapore
139.180.188.248,false,Singapore,,Singapore
85.159.209.157,false,London,England,United Kingdom
172.104.233.149,false,Frankfurt am Main,Hesse,Germany
66.228.45.14,false,Cedar Knolls,New Jersey,United States
91.201.65.171,true,Palermo,Sicily,Italy
178.79.144.119,false,London,England,United Kingdom
139.162.187.242,false,Frankfurt am Main,Hesse,Germany
172.104.141.252,false,Frankfurt am Main,Hesse,Germany
45.33.50.187,false,Fremont,California,United States
156.67.63.112,true,Istanbul,Istanbul,Turkey
172.105.86.120,false,Frankfurt am Main,Hesse,Germany
172.104.247.18,false,Frankfurt am Main,Hesse,Germany
45.56.92.220,false,Fremont,California,United States
64.227.66.173,false,Amsterdam,North Holland,Netherlands
70.34.250.240,false,Warsaw,Mazovia,Poland
173.255.236.33,false,Cedar Knolls,New Jersey,United States
172.235.175.243,false,Amsterdam,North Holland,Netherlands
198.74.57.239,false,Cedar Knolls,New Jersey,United States
176.58.115.48,false,London,England,United Kingdom
172.104.134.178,false,Frankfurt am Main,Hesse,Germany
139.180.191.8,false,Singapore,,Singapore
46.166.185.93,true,Roosendaal,North Brabant,Netherlands
74.201.177.109,true,Los Angeles,California,United States
172.105.83.183,false,Frankfurt am Main,Hesse,Germany
45.79.171.161,false,Cedar Knolls,New Jersey,United States
23.239.21.34,false,Fremont,California,United States
45.79.190.97,false,Cedar Knolls,New Jersey,United States
207.244.89.177,true,Washington,District of Columbia,United States
95.174.68.134,true,Al Fujairah City,Fujairah,United Arab Emirates
172.104.228.169,false,Frankfurt am Main,Hesse,Germany
201.131.126.59,true,Guadalajara,Jalisco,Mexico
103.75.11.117,true,Auckland,Auckland,New Zealand
172.104.151.56,false,Frankfurt am Main,Hesse,Germany
45.33.107.236,false,Fremont,California,United States
151.236.216.212,false,London,England,United Kingdom
64.74.163.124,true,Montréal,Quebec,Canada
172.233.50.179,false,Amsterdam,North Holland,Netherlands
158.247.200.90,false,Gangseo-gu,Seoul,South Korea
209.38.108.53,false,Amsterdam,North Holland,Netherlands
172.104.240.253,false,Frankfurt am Main,Hesse,Germany
204.16.246.182,true,Pittsburgh,Pennsylvania,United States
192.46.236.172,false,Frankfurt am Main,Hesse,Germany
184.164.129.85,true,Phoenix,Arizona,United States
212.71.252.46,false,London,England,United Kingdom
172.233.87.233,true,Osaka,Osaka,Japan
172.105.87.217,false,Frankfurt am Main,Hesse,Germany
192.46.236.223,false,Frankfurt am Main,Hesse,Germany
169.44.145.245,true,San Jose,California,United States
92.38.171.110,true,San Sebastián de los Reyes,Madrid,Spain
172.104.134.195,false,Frankfurt am Main,Hesse,Germany
208.131.153.21,true,Millcreek,Utah,United States
172.104.150.222,false,Frankfurt am Main,Hesse,Germany
172.233.40.67,false,Amsterdam,North Holland,Netherlands
66.175.216.129,false,Fremont,California,United States
149.28.155.60,false,Singapore,,Singapore
45.33.71.54,false,Cedar Knolls,New Jersey,United States
85.159.213.11,false,London,England,United Kingdom
149.28.155.83,false,Singapore,,Singapore
172.235.160.245,false,Amsterdam,North Holland,Netherlands
88.80.188.154,false,London,England,United Kingdom
139.162.138.10,false,Frankfurt am Main,Hesse,Germany
66.228.39.130,false,Cedar Knolls,New Jersey,United States
139.162.109.178,true,Tokyo,Tokyo,Japan
172.235.168.10,false,Amsterdam,North Holland,Netherlands
172.105.86.126,false,Frankfurt am Main,Hesse,Germany
23.229.116.37,true,Los Angeles,California,United States
172.235.166.66,false,Amsterdam,North Holland,Netherlands
172.233.54.94,false,Amsterdam,North Holland,Netherlands
172.233.41.60,false,Amsterdam,North Holland,Netherlands
178.79.132.127,true,London,England,United Kingdom
50.116.14.148,false,Fremont,California,United States
80.85.87.169,false,London,England,United Kingdom
94.237.62.200,true,London,England,United Kingdom
97.107.136.55,false,Cedar Knolls,New Jersey,United States
50.116.57.208,false,Cedar Knolls,New Jersey,United States
167.71.1.108,false,Amsterdam,North Holland,Netherlands
158.247.241.79,false,Gangseo-gu,Seoul,South Korea
146.190.17.196,false,Amsterdam,North Holland,Netherlands
79.141.174.105,true,Stockholm,Stockholm,Sweden
139.162.156.114,false,Frankfurt am Main,Hesse,Germany
172.235.190.177,false,Amsterdam,North Holland,Netherlands
192.155.90.219,false,Cedar Knolls,New Jersey,United States
164.92.211.197,false,Amsterdam,North Holland,Netherlands
158.247.213.110,false,Gangseo-gu,Seoul,South Korea
172.235.166.234,false,Amsterdam,North Holland,Netherlands
192.46.237.191,false,Frankfurt am Main,Hesse,Germany
172.237.154.186,true,Chicago,Illinois,United States
178.79.144.163,false,London,England,United Kingdom
172.235.168.19,false,Amsterdam,North Holland,Netherlands
139.162.153.160,false,Frankfurt am Main,Hesse,Germany
141.164.58.124,false,Gangseo-gu,Seoul,South Korea
178.79.133.249,false,London,England,United Kingdom
69.164.215.190,false,Cedar Knolls,New Jersey,United States
209.38.45.8,false,Amsterdam,North Holland,Netherlands
172.239.224.113,false,Amsterdam,North Holland,Netherlands
176.58.103.218,false,London,England,United Kingdom
172.105.91.203,false,Frankfurt am Main,Hesse,Germany
139.162.174.57,false,Frankfurt am Main,Hesse,Germany
173.255.234.157,false,Cedar Knolls,New Jersey,United States
176.58.126.109,false,London,England,United Kingdom
45.33.55.142,false,Fremont,California,United States
172.105.79.85,false,Frankfurt am Main,Hesse,Germany
139.162.130.198,false,Frankfurt am Main,Hesse,Germany
139.180.186.14,false,Singapore,,Singapore
192.155.90.178,true,Cedar Knolls,New Jersey,United States
167.71.4.155,false,Amsterdam,North Holland,Netherlands
151.236.222.249,false,London,England,United Kingdom
158.247.197.249,false,Paripark,Seoul,South Korea
172.104.253.61,false,Frankfurt am Main,Hesse,Germany
70.34.242.31,false,Warsaw,Mazovia,Poland
209.151.145.222,true,Santa Clara,California,United States
131.221.32.55,true,Santiago,Santiago Metropolitan,Chile
178.79.149.52,false,London,England,United Kingdom
172.233.154.200,true,Los Angeles,California,United States
172.104.209.57,false,Cedar Knolls,New Jersey,United States
70.38.4.236,true,Montréal,Quebec,Canada
45.79.152.114,false,Cedar Knolls,New Jersey,United States
88.80.188.31,false,London,England,United Kingdom
109.74.197.4,false,London,England,United Kingdom
45.79.189.179,false,Cedar Knolls,New Jersey,United States
5.34.178.166,true,Miami,Florida,United States
139.162.142.125,false,Frankfurt am Main,Hesse,Germany
205.185.117.144,true,Las Vegas,Nevada,United States
38.54.105.55,true,Istanbul,Istanbul,Turkey
45.76.157.68,false,Singapore,,Singapore
74.207.247.216,false,Fremont,California,United States
97.107.131.7,false,Cedar Knolls,New Jersey,United States
139.162.174.86,false,Frankfurt am Main,Hesse,Germany
172.104.154.24,false,Frankfurt am Main,Hesse,Germany
172.233.50.187,false,Amsterdam,North Holland,Netherlands
185.104.183.20,true,Timişoara,Timiș County,Romania
172.105.193.77,true,Tokyo,Tokyo,Japan
172.235.167.45,false,Amsterdam,North Holland,Netherlands
207.244.89.164,true,Bethesda,Maryland,United States
88.80.186.66,false,London,England,United Kingdom
74.207.241.179,false,Fremont,California,United States
172.235.167.106,false,Amsterdam,North Holland,Netherlands
213.52.128.74,false,London,England,United Kingdom
104.237.153.125,false,Fremont,California,United States
165.232.97.118,true,London,England,United Kingdom
172.104.20.35,false,Cedar Knolls,New Jersey,United States
85.159.210.57,false,London,England,United Kingdom
139.162.208.97,false,London,England,United Kingdom
167.99.217.102,false,Amsterdam,North Holland,Netherlands
172.233.249.60,true,Paris,Île-de-France,France
70.34.253.166,false,Warsaw,Mazovia,Poland
139.162.147.13,false,Frankfurt am Main,Hesse,Germany
45.76.176.158,false,Singapore,,Singapore
70.34.248.228,false,Warsaw,Mazovia,Poland
172.104.144.210,false,Frankfurt am Main,Hesse,Germany
142.93.228.219,false,Amsterdam,North Holland,Netherlands
88.80.188.93,false,London,England,United Kingdom
158.247.200.19,false,Gangseo-gu,Seoul,South Korea
139.162.153.185,false,Frankfurt am Main,Hesse,Germany
139.162.155.168,false,Frankfurt am Main,Hesse,Germany
45.77.40.220,false,Singapore,,Singapore
176.58.127.96,false,London,England,United Kingdom
172.105.83.19,false,Frankfurt am Main,Hesse,Germany
64.176.64.255,false,Warsaw,Mazovia,Poland
81.70.249.94,true,Beijing,Beijing,China
172.239.224.111,false,Amsterdam,North Holland,Netherlands
178.79.176.70,false,London,England,United Kingdom
45.79.71.13,false,Fremont,California,United States
178.79.133.144,false,London,England,United Kingdom
156.38.239.147,true,Johannesburg,Gauteng,South Africa
172.105.93.35,false,Frankfurt am Main,Hesse,Germany
45.33.62.190,true,Fremont,California,United States
172.104.128.133,false,Frankfurt am Main,Hesse,Germany
192.155.80.127,false,Fremont,California,United States
172.233.154.21,true,Los Angeles,California,United States
172.104.244.102,false,Frankfurt am Main,Hesse,Germany
96.126.101.224,false,Fremont,California,United States
116.203.224.101,true,Nürnberg,Bavaria,Germany
213.168.249.47,false,London,England,United Kingdom
94.237.56.230,true,London,England,United Kingdom
198.204.229.4,true,Kansas City,Missouri,United States
172.104.238.54,false,Frankfurt am Main,Hesse,Germany
172.105.246.174,false,Frankfurt am Main,Hesse,Germany
158.247.221.169,false,Gangseo-gu,Seoul,South Korea
80.85.85.124,false,London,England,United Kingdom
172.104.238.40,false,Frankfurt am Main,Hesse,Germany
173.255.246.233,false,Fremont,California,United States
172.104.138.51,false,Frankfurt am Main,Hesse,Germany
139.162.137.198,false,Frankfurt am Main,Hesse,Germany
66.42.54.14,false,Singapore,,Singapore
172.104.137.245,false,Frankfurt am Main,Hesse,Germany
139.162.146.30,false,Frankfurt am Main,Hesse,Germany
66.228.47.92,false,Cedar Knolls,New Jersey,United States
70.34.252.251,false,Warsaw,Mazovia,Poland
139.162.228.149,false,London,England,United Kingdom
139.162.189.13,true,Frankfurt am Main,Hesse,Germany
172.235.183.248,false,Amsterdam,North Holland,Netherlands
176.58.117.185,false,London,England,United Kingdom
144.202.59.244,true,Elk Grove Village,Illinois,United States
172.233.150.227,true,Los Angeles,California,United States
173.255.218.235,false,Fremont,California,United States
195.123.245.128,true,Prague,Prague,Czech Republic
