ip,is_vpn,city,province,country
23.229.0.242,true,Buffalo,New York,United States
146.70.237.126,true,Stockholm,Stockholm,Sweden
102.129.165.199,true,Johannesburg,Gauteng,South Africa
198.244.177.20,true,Bexley,England,United Kingdom
185.149.40.87,true,Kyiv,Kyiv City,Ukraine
199.71.214.171,true,Dallas,Texas,United States
95.216.28.172,true,Helsinki,Uusimaa,Finland
194.54.82.178,true,Kyiv,Kyiv City,Ukraine
103.9.77.27,true,Ho Chi Minh City,Ho Chi Minh,Vietnam
154.3.34.74,true,Kwai Chung,Kwai Tsing District,Hong Kong
194.247.12.129,true,Boiarka,Kiev,Ukraine
156.244.37.75,true,Yangon,Yangon,Myanmar
23.95.79.97,true,Miami,Florida,United States
198.46.154.70,true,Buffalo,New York,United States
38.114.114.122,true,Los Angeles,California,United States
103.96.117.213,true,Auckland,Auckland,New Zealand
89.163.140.155,true,Herne,North Rhine-Westphalia,Germany
62.210.95.58,true,Paris,Île-de-France,France
185.9.16.90,true,Sofia,Sofia-Capital,Bulgaria
185.91.126.40,true,Karagandy,Karaganda,Kazakhstan
37.120.194.34,true,Ballerup,Capital Region,Denmark
124.158.117.184,true,Jakarta,Jakarta,Indonesia
46.16.129.218,true,Bangkok,Bangkok,Thailand
37.143.129.199,true,Helsinki,Uusimaa,Finland
57.129.19.150,true,Frankfurt am Main,Hesse,Germany
51.161.198.193,true,Sydney,New South Wales,Australia
185.25.118.207,true,Kyiv,Kyiv City,Ukraine
193.56.135.35,true,Frankfurt am Main,Hesse,Germany
38.60.253.208,true,Ho Chi Minh City,Ho Chi Minh City (HCMC),Vietnam
51.158.202.44,true,Haarlem,North Holland,Netherlands
85.17.73.16,true,Soest,Utrecht,Netherlands
95.168.176.100,true,London,England,United Kingdom
23.166.88.105,true,Zürich,Zurich,Switzerland
156.249.201.69,true,Bangkok,Bangkok,Thailand
185.47.254.7,true,Guatemala City,Guatemala,Guatemala
185.155.96.133,true,Tallinn,Harjumaa,Estonia
5.181.20.228,true,Helsinki,Uusimaa,Finland
54.39.104.179,true,Beauharnois,Quebec,Canada
212.95.43.106,true,Frankfurt am Main,Hesse,Germany
45.12.111.6,false,Bern,Bern,Switzerland
185.47.253.122,true,Quito,Pichincha,Ecuador
185.93.173.247,true,La Paz,La Paz Department,Bolivia
185.231.233.190,true,Lisbon,Lisbon,Portugal
170.130.200.154,true,Dallas,Texas,United States
156.244.8.56,true,Riyadh,Riyadh Region,Saudi Arabia
38.60.190.7,true,Baghdad,Baghdad,Iraq
89.36.162.198,true,Al Fujairah City,Fujairah,United Arab Emirates
108.181.3.221,true,Los Angeles,California,United States
108.181.70.33,true,Barcelona,Catalonia,Spain
185.191.206.139,true,Nicosia,Nicosia,Cyprus
188.132.183.218,true,Demirtaş,Bursa Province,Turkey
45.12.109.197,true,Prague,Prague,Czech Republic
45.147.45.120,true,Bursa,Bursa Province,Turkey
23.108.191.211,true,San Jose,California,United States
188.214.157.249,true,Málaga,Andalusia,Spain
154.205.144.137,true,Dhaka,Dhaka Division,Bangladesh
185.126.237.218,true,Bucharest,București,Romania
185.104.195.24,true,Tel Aviv,Tel Aviv,Israel
185.65.247.64,true,Kyiv,Kyiv City,Ukraine
46.16.131.63,true,Dublin,Leinster,Ireland
202.131.82.200,true,Phnom Penh,Phnom Penh,Cambodia
88.119.165.154,true,Šiauliai,Siauliai,Lithuania
147.78.1.22,true,Santiago de Querétaro,Querétaro,Mexico
185.233.118.193,true,Kyiv,Kyiv City,Ukraine
95.164.19.24,true,Almaty,Almaty,Kazakhstan
185.155.97.59,true,Tallinn,Harjumaa,Estonia
95.130.227.250,true,Tashkent,Tashkent,Uzbekistan
154.90.44.46,true,Bangkok,Bangkok,Thailand
38.54.59.41,true,Cairo,Cairo,Egypt
45.89.54.226,true,Bratislava,Bratislava Region,Slovakia
185.90.61.19,true,Sandefjord,Vestfold,Norway
108.181.50.67,true,Seoul,Seoul,South Korea
223.165.5.201,true,Islamabad,Islamabad,Pakistan
185.25.116.131,true,Boiarka,Kiev,Ukraine
82.102.19.106,true,Zaventem,Flanders,Belgium
185.186.77.5,true,Tirana,Tirana,Albania
185.215.186.3,true,Tallinn,Harjumaa,Estonia
109.104.154.56,true,Amsterdam,North Holland,Netherlands
89.36.162.29,true,Al Fujairah City,Fujairah,United Arab Emirates
140.235.39.72,true,Taipei,Taiwan,Taiwan
185.205.187.34,true,Nicosia,Nicosia,Cyprus
213.227.149.249,true,Gouda,South Holland,Netherlands
37.157.255.195,true,Köln,North Rhine-Westphalia,Germany
38.54.2.115,true,Manama,Manama,Bahrain
154.31.115.77,true,Tokyo,Tokyo,Japan
108.181.67.9,true,London,England,United Kingdom
185.213.20.209,true,Arezzo,Tuscany,Italy
213.183.33.131,true,Moscow,Moscow,Russia
178.175.137.137,true,Chisinau,Chișinău Municipality,Moldova
38.54.45.81,true,Buenos Aires,Buenos Aires F.D.,Argentina
108.181.0.145,true,Los Angeles,California,United States
185.146.0.65,true,Almaty,Almaty,Kazakhstan
108.181.67.111,true,London,England,United Kingdom
86.54.82.230,true,Prague,Prague,Czech Republic
103.106.231.54,true,Sydney,New South Wales,Australia
38.54.116.91,true,Muscat,Muscat,Oman
91.194.161.117,true,Reykjavík,Capital Region,Iceland
94.131.113.254,true,Moscow,Moscow,Russia
31.40.212.184,true,Buenos Aires,Buenos Aires F.D.,Argentina
45.83.131.68,true,Ljubljana,Ljubljana,Slovenia
89.163.210.78,true,Essen,North Rhine-Westphalia,Germany
38.180.182.16,true,Bogotá,Bogota D.C.,Colombia
31.97.51.90,true,Jakarta,Jakarta,Indonesia
145.239.232.39,true,Frankfurt am Main,Hesse,Germany
45.88.42.151,true,Singapore,,Singapore
185.107.80.250,true,Breda,North Brabant,Netherlands
37.120.193.146,true,Belgrade,Central Serbia,Serbia
177.54.157.143,true,Diadema,São Paulo,Brazil
154.90.34.39,true,Manila,Metro Manila,Philippines
185.69.153.75,true,Kyiv,Kyiv City,Ukraine
207.244.109.241,true,Washington,District of Columbia,United States
193.107.108.2,true,Kyiv,Kyiv City,Ukraine
5.255.103.96,true,Dronten,Flevoland,Netherlands
209.205.213.138,true,Piscataway,New Jersey,United States
185.231.207.88,false,Dublin,Leinster,Ireland
156.244.41.251,true,Doha,Baladīyat ad Dawḩah,Qatar
149.62.186.15,true,Caselle Torinese,Piedmont,Italy
154.90.39.89,true,Kuala Lumpur,Kuala Lumpur,Malaysia
163.172.52.65,true,Paris,Île-de-France,France
87.117.234.101,true,London,England,United Kingdom
38.180.173.116,true,Lima,Lima Province,Peru
15.235.215.98,true,Singapore,,Singapore
91.219.236.113,true,Budapest,Budapest,Hungary
185.192.124.61,true,São Paulo,São Paulo,Brazil
94.131.104.58,true,Riga,Riga,Latvia
45.15.162.209,true,Prague,Prague,Czech Republic
103.106.58.89,true,Buenos Aires,Buenos Aires F.D.,Argentina
149.104.76.103,true,Buenos Aires,Buenos Aires F.D.,Argentina
206.53.55.53,true,Tel Aviv,Tel Aviv,Israel
38.54.93.55,true,Phnom Penh,Phnom Penh,Cambodia
95.141.35.11,true,Arezzo,Tuscany,Italy
151.115.88.188,true,Warsaw,Mazovia,Poland
88.119.165.57,true,Šiauliai,Siauliai,Lithuania
148.113.16.140,true,Mumbai,Maharashtra,India
141.95.72.22,true,Frankfurt am Main,Hesse,Germany
91.148.135.58,true,Nicosia,Nicosia,Cyprus
45.88.42.44,true,Singapore,,Singapore
108.181.57.127,true,Ashburn,Virginia,United States
51.158.204.123,true,Haarlem,North Holland,Netherlands
37.252.190.198,true,Vienna,Vienna,Austria
45.154.206.246,true,Barcelona,Catalonia,Spain
185.47.255.105,true,San Juan,San Juan,Puerto Rico
108.181.56.177,true,Ashburn,Virginia,United States
45.150.64.215,true,Moscow,Moscow,Russia
38.180.26.142,true,Dubai,Dubai,United Arab Emirates
94.156.181.38,false,Moscow,Moscow,Russia
109.104.154.211,true,Amsterdam,North Holland,Netherlands
93.189.63.107,true,Moscow,Moscow,Russia
108.181.50.229,true,Seoul,Seoul,South Korea
185.223.168.18,true,Tallinn,Harjumaa,Estonia
217.79.184.68,true,Lippstadt,North Rhine-Westphalia,Germany
178.160.194.235,true,Yerevan,Yerevan,Armenia
38.60.253.171,true,Ho Chi Minh City,Ho Chi Minh City (HCMC),Vietnam
51.158.202.126,true,Amsterdam,North Holland,Netherlands
156.228.192.106,true,Frankfurt am Main,Hesse,Germany
45.83.141.51,true,Skopje,Grad Skopje,Macedonia
94.131.8.11,true,Thessaloníki,Central Macedonia,Greece
5.104.111.209,true,Essen,North Rhine-Westphalia,Germany
177.54.152.242,true,São Paulo,São Paulo,Brazil
154.205.150.76,true,Johannesburg,Gauteng,South Africa
64.176.10.44,true,Santiago,Santiago Metropolitan,Chile
188.227.170.2,true,London,England,United Kingdom
216.106.176.6,true,Ashburn,Virginia,United States
71.19.249.50,true,Richmond,British Columbia,Canada
37.143.130.248,true,Madrid,Madrid,Spain
103.151.40.69,true,Madrid,Madrid,Spain
185.201.66.227,true,Milan,Lombardy,Italy
198.244.254.77,true,Bexley,England,United Kingdom
178.160.211.20,true,Yerevan,Yerevan,Armenia
104.206.108.6,true,Chicago,Illinois,United States
38.54.71.109,true,Kathmandu,Bagmati Province,Nepal
38.60.244.86,true,Yangon,Yangon,Myanmar
