ip,is_vpn,city,province,country
149.88.18.8,true,Ashburn,Virginia,United States
95.153.32.102,true,Tallinn,Harjumaa,Estonia
103.107.197.172,true,Perth,Western Australia,Australia
172.94.119.11,true,Singapore,,Singapore
5.254.23.68,true,Frankfurt am Main,Hesse,Germany
169.150.205.136,true,Houston,Texas,United States
149.40.48.41,true,London,England,United Kingdom
104.243.253.37,true,Lelystad,Flevoland,Netherlands
172.111.208.101,true,Frankfurt am Main,Hesse,Germany
172.94.113.198,true,Frankfurt am Main,Hesse,Germany
172.94.20.98,true,Frankfurt am Main,Hesse,Germany
192.253.250.37,true,Frankfurt am Main,Hesse,Germany
138.199.43.4,true,Seattle,Washington,United States
149.50.217.139,true,Copenhagen,Capital Region,Denmark
172.94.119.10,true,Singapore,,Singapore
203.23.178.179,true,Frankfurt am Main,Hesse,Germany
172.111.181.8,true,Frankfurt am Main,Hesse,Germany
172.111.181.6,true,Frankfurt am Main,Hesse,Germany
172.111.220.5,true,Frankfurt am Main,Hesse,Germany
172.111.152.196,true,New York City,New York,United States
45.74.62.10,true,New York City,New York,United States
5.254.15.106,true,Amsterdam,North Holland,Netherlands
172.94.27.2,true,Tokyo,Tokyo,Japan
108.181.50.76,true,Seoul,Seoul,South Korea
172.94.38.11,true,Horley,England,United Kingdom
146.70.181.231,true,Manchester,England,United Kingdom
149.50.222.4,true,Toronto,Ontario,Canada
149.34.253.94,true,Singapore,,Singapore
172.111.216.246,true,Lelystad,Flevoland,Netherlands
172.94.84.166,true,Frankfurt am Main,Hesse,Germany
206.123.159.10,true,Amsterdam,North Holland,Netherlands
172.94.113.69,true,Frankfurt am Main,Hesse,Germany
103.46.140.103,true,Frankfurt am Main,Hesse,Germany
45.134.213.17,true,Madrid,Madrid,Spain
206.123.137.6,true,Frankfurt am Main,Hesse,Germany
45.115.25.11,true,Kornhill Garden,Eastern,Hong Kong
45.74.51.40,true,London,England,United Kingdom
138.199.43.8,true,Seattle,Washington,United States
172.111.197.8,true,Lelystad,Flevoland,Netherlands
172.111.220.37,true,Frankfurt am Main,Hesse,Germany
45.74.51.39,true,London,England,United Kingdom
104.250.183.6,true,Amsterdam,North Holland,Netherlands
149.102.238.148,true,Zürich,Zurich,Switzerland
172.111.206.101,true,Frankfurt am Main,Hesse,Germany
45.134.140.234,true,Atlanta,Georgia,United States
172.111.247.2,true,Lelystad,Flevoland,Netherlands
172.94.24.7,true,Frankfurt am Main,Hesse,Germany
206.123.137.3,true,Frankfurt am Main,Hesse,Germany
172.94.78.38,true,Frankfurt am Main,Hesse,Germany
206.123.159.9,true,Amsterdam,North Holland,Netherlands
103.46.140.101,true,Frankfurt am Main,Hesse,Germany
95.153.32.109,true,Tallinn,Harjumaa,Estonia
172.111.204.130,true,Frankfurt am Main,Hesse,Germany
172.94.13.12,true,Frankfurt am Main,Hesse,Germany
154.47.27.68,true,Brussels,Brussels Capital,Belgium
45.134.213.15,true,Madrid,Madrid,Spain
85.208.3.109,true,Helsinki,Uusimaa,Finland
5.254.23.73,true,Frankfurt am Main,Hesse,Germany
138.199.43.9,true,Seattle,Washington,United States
172.111.183.165,true,New York City,New York,United States
172.94.115.37,true,London,England,United Kingdom
149.40.59.79,true,Amsterdam,North Holland,Netherlands
37.120.138.11,true,New York City,New York,United States
172.111.152.170,true,New York City,New York,United States
206.123.153.42,true,Frankfurt am Main,Hesse,Germany
149.34.252.3,true,Frankfurt am Main,Hesse,Germany
156.146.51.163,true,Seattle,Washington,United States
149.40.52.197,true,Vienna,Vienna,Austria
154.47.27.75,true,Brussels,Brussels Capital,Belgium
154.47.27.100,true,Brussels,Brussels Capital,Belgium
149.34.253.95,true,Singapore,,Singapore
5.254.106.13,true,London,England,United Kingdom
107.175.196.103,true,Santa Clara,California,United States
172.111.131.248,true,Lelystad,Flevoland,Netherlands
172.111.152.168,true,New York City,New York,United States
37.120.138.10,true,New York City,New York,United States
45.74.63.6,true,London,England,United Kingdom
172.94.41.11,true,Sutton,England,United Kingdom
172.94.120.7,true,London,England,United Kingdom
192.253.250.38,true,Frankfurt am Main,Hesse,Germany
138.199.43.12,true,Seattle,Washington,United States
149.102.238.133,true,Zürich,Zurich,Switzerland
217.148.140.137,true,Los Angeles,California,United States
172.94.78.3,true,Frankfurt am Main,Hesse,Germany
149.88.18.15,true,Ashburn,Virginia,United States
45.74.55.7,true,Lelystad,Flevoland,Netherlands
149.34.252.10,true,Frankfurt am Main,Hesse,Germany
104.243.253.39,true,Amsterdam,North Holland,Netherlands
103.46.140.102,true,Frankfurt am Main,Hesse,Germany
172.111.243.106,true,Frankfurt am Main,Hesse,Germany
154.47.27.71,true,Brussels,Brussels Capital,Belgium
45.74.58.11,true,Frankfurt am Main,Hesse,Germany
104.250.175.4,true,Los Angeles,California,United States
64.31.20.12,true,McLean,Virginia,United States
172.111.212.3,true,Frankfurt am Main,Hesse,Germany
146.70.170.40,true,Oslo,Oslo,Norway
149.88.98.242,true,Toronto,Ontario,Canada
149.34.252.51,true,Frankfurt am Main,Hesse,Germany
172.111.220.74,true,Frankfurt am Main,Hesse,Germany
172.111.226.163,true,Frankfurt am Main,Hesse,Germany
206.123.135.10,true,Singapore,,Singapore
149.102.251.19,true,São Paulo,São Paulo,Brazil
172.111.241.102,true,New York City,New York,United States
45.134.213.6,true,Madrid,Madrid,Spain
149.88.98.233,true,Toronto,Ontario,Canada
45.74.51.8,true,London,England,United Kingdom
146.70.181.245,true,Manchester,England,United Kingdom
172.111.241.72,true,New York City,New York,United States
45.74.11.9,true,Frankfurt am Main,Hesse,Germany
107.175.196.105,true,Santa Clara,California,United States
172.94.20.102,true,Frankfurt am Main,Hesse,Germany
203.17.245.196,true,Amsterdam,North Holland,Netherlands
172.94.113.167,true,Frankfurt am Main,Hesse,Germany
146.70.109.173,true,Milan,Lombardy,Italy
172.94.81.7,true,New York City,New York,United States
192.253.250.6,true,Frankfurt am Main,Hesse,Germany
103.107.199.169,true,Singapore,,Singapore
45.74.51.34,true,London,England,United Kingdom
45.250.255.6,true,Tokyo,Tokyo,Japan
45.134.140.227,true,Atlanta,Georgia,United States
149.40.59.68,true,Amsterdam,North Holland,Netherlands
172.111.204.100,true,Frankfurt am Main,Hesse,Germany
146.70.123.77,true,Zaventem,Flanders,Belgium
149.102.243.11,true,Los Angeles,California,United States
45.74.62.8,true,New York City,New York,United States
172.111.241.103,true,New York City,New York,United States
172.94.87.39,true,Lelystad,Flevoland,Netherlands
5.254.23.76,true,Frankfurt am Main,Hesse,Germany
172.94.110.71,true,Frankfurt am Main,Hesse,Germany
43.228.158.40,true,London,England,United Kingdom
172.111.170.4,true,New York City,New York,United States
172.94.115.39,true,London,England,United Kingdom
149.40.51.43,true,Seattle,Washington,United States
172.111.228.70,true,Frankfurt am Main,Hesse,Germany
172.111.231.70,true,Lelystad,Flevoland,Netherlands
172.111.206.103,true,Frankfurt am Main,Hesse,Germany
172.111.170.8,true,New York City,New York,United States
198.144.155.67,true,Toronto,Ontario,Canada
45.74.63.38,true,London,England,United Kingdom
149.50.211.39,true,Singapore,,Singapore
149.50.215.66,true,Milan,Lombardy,Italy
206.123.153.68,true,Frankfurt am Main,Hesse,Germany
203.209.219.36,true,Auckland,Auckland,New Zealand
206.123.153.6,true,Frankfurt am Main,Hesse,Germany
45.74.1.37,true,Frankfurt am Main,Hesse,Germany
146.70.212.73,true,Secaucus,New Jersey,United States
149.102.243.10,true,Los Angeles,California,United States
149.88.25.207,true,Chicago,Illinois,United States
172.94.84.165,true,Frankfurt am Main,Hesse,Germany
149.102.244.43,true,Warsaw,Mazovia,Poland
149.88.18.14,true,Ashburn,Virginia,United States
149.34.253.75,true,Singapore,,Singapore
172.111.183.171,true,New York City,New York,United States
146.70.212.77,true,Secaucus,New Jersey,United States
185.174.156.34,true,Madrid,Madrid,Spain
172.94.120.37,true,London,England,United Kingdom
172.111.204.40,true,Frankfurt am Main,Hesse,Germany
149.102.244.41,true,Warsaw,Mazovia,Poland
172.111.241.100,true,New York City,New York,United States
172.94.119.9,true,Singapore,,Singapore
172.94.84.132,false,Frankfurt am Main,Hesse,Germany
45.74.63.34,true,London,England,United Kingdom
172.94.38.3,true,West Drayton,England,United Kingdom
45.250.255.18,true,Tokyo,Tokyo,Japan
172.94.113.162,true,Frankfurt am Main,Hesse,Germany
172.111.220.11,true,Frankfurt am Main,Hesse,Germany
172.94.113.5,true,Frankfurt am Main,Hesse,Germany
172.94.24.71,true,Frankfurt am Main,Hesse,Germany
172.111.152.167,true,New York City,New York,United States
45.74.58.3,true,Frankfurt am Main,Hesse,Germany
5.254.106.7,true,London,England,United Kingdom
5.254.15.100,true,Amsterdam,North Holland,Netherlands
104.37.5.245,true,Sydney,New South Wales,Australia
43.228.158.35,true,Sevenoaks,England,United Kingdom
172.111.208.100,true,Frankfurt am Main,Hesse,Germany
172.111.228.71,true,Frankfurt am Main,Hesse,Germany
172.111.212.9,true,Frankfurt am Main,Hesse,Germany
172.111.152.202,true,New York City,New York,United States
192.253.250.101,true,Frankfurt am Main,Hesse,Germany
146.70.170.43,true,Oslo,Oslo,Norway
172.111.226.167,true,Frankfurt am Main,Hesse,Germany
172.111.243.101,true,Frankfurt am Main,Hesse,Germany
108.181.50.189,true,Seoul,Seoul,South Korea
172.111.204.38,true,Frankfurt am Main,Hesse,Germany
146.70.170.36,true,Oslo,Oslo,Norway
138.199.31.6,true,London,England,United Kingdom
206.123.159.4,true,Amsterdam,North Holland,Netherlands
143.244.47.49,true,New York City,New York,United States
149.88.25.198,true,Chicago,Illinois,United States
103.1.215.118,true,Sydney,New South Wales,Australia
149.40.48.39,true,London,England,United Kingdom
172.111.197.6,true,Amsterdam,North Holland,Netherlands
172.111.220.36,true,Frankfurt am Main,Hesse,Germany
172.94.110.69,true,Frankfurt am Main,Hesse,Germany
149.88.18.6,true,Ashburn,Virginia,United States
43.228.158.6,true,Sevenoaks,England,United Kingdom
172.94.20.101,true,Frankfurt am Main,Hesse,Germany
172.111.220.42,true,Frankfurt am Main,Hesse,Germany
172.111.243.100,true,Frankfurt am Main,Hesse,Germany
45.250.255.8,true,Tokyo,Tokyo,Japan
217.148.140.139,true,Los Angeles,California,United States
146.70.170.44,true,Oslo,Oslo,Norway
198.144.155.70,true,Toronto,Ontario,Canada
172.111.208.103,true,Frankfurt am Main,Hesse,Germany
172.111.185.43,true,Frankfurt am Main,Hesse,Germany
172.94.113.132,true,Frankfurt am Main,Hesse,Germany
185.174.156.38,true,Madrid,Madrid,Spain
217.148.140.151,true,Los Angeles,California,United States
154.47.27.105,true,Brussels,Brussels Capital,Belgium
37.120.138.8,true,New York City,New York,United States
43.228.158.11,true,Sevenoaks,England,United Kingdom
37.19.217.84,true,Paris,Île-de-France,France
5.254.23.74,true,Frankfurt am Main,Hesse,Germany
64.31.3.100,true,Salt Lake City,Utah,United States
103.1.215.109,true,Sydney,New South Wales,Australia
89.238.130.227,true,Manchester,England,United Kingdom
172.111.204.73,true,Frankfurt am Main,Hesse,Germany
172.94.110.70,true,Frankfurt am Main,Hesse,Germany
149.50.217.136,true,Copenhagen,Capital Region,Denmark
45.74.63.8,true,London,England,United Kingdom
172.94.78.39,true,Frankfurt am Main,Hesse,Germany
146.70.170.42,true,Oslo,Oslo,Norway
108.181.52.152,true,Seoul,Seoul,South Korea
149.34.253.104,true,Singapore,,Singapore
169.150.205.147,true,Houston,Texas,United States
172.111.231.71,true,Lelystad,Flevoland,Netherlands
64.31.20.16,true,McLean,Virginia,United States
172.111.181.5,true,Frankfurt am Main,Hesse,Germany
172.111.152.199,true,New York City,New York,United States
149.40.49.201,true,New York City,New York,United States
143.244.47.52,true,New York City,New York,United States
149.88.19.10,true,Frankfurt am Main,Hesse,Germany
146.70.126.44,true,Zürich,Zurich,Switzerland
172.94.81.3,true,New York City,New York,United States
185.232.23.109,true,Frankfurt am Main,Hesse,Germany
149.88.25.196,true,Chicago,Illinois,United States
203.17.245.203,true,Amsterdam,North Holland,Netherlands
149.88.25.206,true,Chicago,Illinois,United States
172.111.220.6,true,Frankfurt am Main,Hesse,Germany
149.50.211.69,true,Singapore,,Singapore
149.50.222.11,true,Toronto,Ontario,Canada
206.123.135.8,true,Singapore,,Singapore
149.40.59.80,true,Amsterdam,North Holland,Netherlands
172.94.24.75,true,Frankfurt am Main,Hesse,Germany
172.94.41.7,true,Sutton,England,United Kingdom
206.123.153.3,true,Frankfurt am Main,Hesse,Germany
45.134.140.233,true,Atlanta,Georgia,United States
149.34.253.71,true,Singapore,,Singapore
154.47.27.97,true,Brussels,Brussels Capital,Belgium
172.111.241.106,true,New York City,New York,United States
203.17.245.199,true,Amsterdam,North Holland,Netherlands
149.34.252.9,true,Frankfurt am Main,Hesse,Germany
45.115.25.10,true,Kornhill Garden,Eastern District,Hong Kong
104.37.5.247,true,Sydney,New South Wales,Australia
172.111.185.37,true,Frankfurt am Main,Hesse,Germany
107.175.196.109,true,San Francisco,California,United States
172.94.92.244,true,Los Angeles,California,United States
146.70.181.240,true,Manchester,England,United Kingdom
149.88.98.226,true,Toronto,Ontario,Canada
192.3.53.232,true,Seattle,Washington,United States
192.253.250.8,true,Frankfurt am Main,Hesse,Germany
206.123.137.7,true,Frankfurt am Main,Hesse,Germany
45.74.55.4,true,Lelystad,Flevoland,Netherlands
206.123.153.70,true,Frankfurt am Main,Hesse,Germany
172.94.87.40,true,Lelystad,Flevoland,Netherlands
45.74.62.5,true,New York City,New York,United States
172.94.110.34,true,Frankfurt am Main,Hesse,Germany
185.174.156.39,true,Madrid,Madrid,Spain
45.74.58.5,true,Frankfurt am Main,Hesse,Germany
172.111.231.69,true,Lelystad,Flevoland,Netherlands
154.47.30.173,true,Johannesburg,Gauteng,South Africa
5.254.112.107,true,London,England,United Kingdom
45.74.63.36,true,London,England,United Kingdom
103.107.197.167,true,Perth,Western Australia,Australia
206.123.152.247,true,Frankfurt am Main,Hesse,Germany
146.70.109.177,true,Milan,Lombardy,Italy
107.175.196.106,true,Santa Clara,California,United States
172.94.24.11,true,Frankfurt am Main,Hesse,Germany
45.74.51.6,true,London,England,United Kingdom
108.181.50.74,true,Seoul,Seoul,South Korea
172.111.181.36,true,Frankfurt am Main,Hesse,Germany
172.94.24.98,true,Frankfurt am Main,Hesse,Germany
185.220.69.105,true,New York City,New York,United States
172.111.206.98,true,Frankfurt am Main,Hesse,Germany
43.226.229.3,true,Sydney,New South Wales,Australia
149.50.217.137,true,Copenhagen,Capital Region,Denmark
203.23.179.37,true,Frankfurt am Main,Hesse,Germany
45.74.11.37,true,Frankfurt am Main,Hesse,Germany
45.74.44.8,true,Enfield Town,England,United Kingdom
104.250.183.5,true,Amsterdam,North Holland,Netherlands
64.31.20.21,true,McLean,Virginia,United States
203.209.219.39,true,Auckland,Auckland,New Zealand
154.47.27.98,true,Brussels,Brussels Capital,Belgium
45.74.58.37,true,Frankfurt am Main,Hesse,Germany
149.88.19.12,true,Frankfurt am Main,Hesse,Germany
64.31.20.8,true,Wolf Trap,Virginia,United States
172.111.226.166,true,Frankfurt am Main,Hesse,Germany
149.40.52.200,true,Vienna,Vienna,Austria
154.47.27.104,true,Brussels,Brussels Capital,Belgium
172.94.115.36,true,London,England,United Kingdom
172.111.181.3,true,Frankfurt am Main,Hesse,Germany
172.94.24.102,true,Frankfurt am Main,Hesse,Germany
45.74.48.244,true,Seattle,Washington,United States
149.102.244.35,true,Warsaw,Mazovia,Poland
203.23.178.178,true,Frankfurt am Main,Hesse,Germany
172.111.170.7,true,New York City,New York,United States
45.74.62.6,true,New York City,New York,United States
172.111.226.171,true,Frankfurt am Main,Hesse,Germany
172.94.119.3,true,Singapore,,Singapore
172.94.78.68,true,Frankfurt am Main,Hesse,Germany
45.74.22.9,true,Warsaw,Mazovia,Poland
146.70.109.164,true,Milan,Lombardy,Italy
45.74.11.12,true,Frankfurt am Main,Hesse,Germany
37.19.217.86,true,Paris,Île-de-France,France
45.74.11.42,true,Frankfurt am Main,Hesse,Germany
172.111.243.98,true,Frankfurt am Main,Hesse,Germany
149.50.215.77,true,Milan,Lombardy,Italy
149.102.251.9,true,São Paulo,São Paulo,Brazil
172.94.41.8,true,Bexleyheath,England,United Kingdom
5.254.26.33,true,IJmuiden,North Holland,Netherlands
64.31.20.14,true,Wolf Trap,Virginia,United States
194.110.114.100,true,Ursynów,Mazovia,Poland
146.70.212.71,true,Secaucus,New Jersey,United States
206.123.137.8,true,Frankfurt am Main,Hesse,Germany
172.111.231.72,true,Lelystad,Flevoland,Netherlands
192.253.250.40,true,Frankfurt am Main,Hesse,Germany
149.102.243.4,true,Los Angeles,California,United States
172.94.24.8,true,Frankfurt am Main,Hesse,Germany
45.74.51.70,true,London,England,United Kingdom
172.111.204.8,true,Frankfurt am Main,Hesse,Germany
185.174.156.40,true,Madrid,Madrid,Spain
146.70.181.239,true,Manchester,England,United Kingdom
154.47.27.94,true,Brussels,Brussels Capital,Belgium
37.120.138.5,true,New York City,New York,United States
172.111.181.38,true,Frankfurt am Main,Hesse,Germany
172.111.228.75,true,Frankfurt am Main,Hesse,Germany
146.70.123.85,true,Zaventem,Flanders,Belgium
146.70.212.76,true,Secaucus,New Jersey,United States
149.102.244.39,true,Warsaw,Mazovia,Poland
149.102.244.44,true,Warsaw,Mazovia,Poland
203.17.245.201,true,Amsterdam,North Holland,Netherlands
104.250.183.11,true,Amsterdam,North Holland,Netherlands
149.88.25.212,true,Chicago,Illinois,United States
5.254.112.100,true,London,England,United Kingdom
185.220.69.108,true,New York City,New York,United States
104.37.5.251,true,Sydney,New South Wales,Australia
172.94.84.134,false,Frankfurt am Main,Hesse,Germany
45.115.25.6,true,Kornhill Garden,Eastern District,Hong Kong
146.70.220.145,true,Saint-Denis,Île-de-France,France
37.19.217.100,true,Paris,Île-de-France,France
172.94.127.246,true,Toronto,Ontario,Canada
45.74.62.9,true,New York City,New York,United States
103.107.199.164,true,Singapore,,Singapore
45.134.213.18,true,Madrid,Madrid,Spain
172.94.113.165,true,Frankfurt am Main,Hesse,Germany
149.34.252.52,true,Frankfurt am Main,Hesse,Germany
149.40.48.40,true,London,England,United Kingdom
45.74.51.102,true,London,England,United Kingdom
104.37.5.252,true,Sydney,New South Wales,Australia
172.94.113.100,true,Frankfurt am Main,Hesse,Germany
149.40.48.34,true,London,England,United Kingdom
154.47.30.168,true,Johannesburg,Gauteng,South Africa
45.74.58.42,true,Frankfurt am Main,Hesse,Germany
138.199.43.11,true,Seattle,Washington,United States
172.111.168.2,true,Hong Kong,,Hong Kong
172.111.204.69,true,Frankfurt am Main,Hesse,Germany
146.70.123.69,true,Zaventem,Flanders,Belgium
172.111.212.10,true,Frankfurt am Main,Hesse,Germany
172.111.243.103,true,Frankfurt am Main,Hesse,Germany
172.94.113.133,true,Frankfurt am Main,Hesse,Germany
149.102.244.40,true,Warsaw,Mazovia,Poland
172.94.115.5,true,London,England,United Kingdom
203.23.179.42,true,Frankfurt am Main,Hesse,Germany
149.50.211.74,true,Singapore,,Singapore
172.94.120.42,true,London,England,United Kingdom
45.74.1.5,true,Frankfurt am Main,Hesse,Germany
45.74.63.42,true,London,England,United Kingdom
149.102.244.38,true,Warsaw,Mazovia,Poland
45.74.1.34,true,Frankfurt am Main,Hesse,Germany
172.94.38.34,true,West Drayton,England,United Kingdom
172.111.152.162,true,New York City,New York,United States
103.1.215.117,true,Sydney,New South Wales,Australia
45.74.51.69,true,London,England,United Kingdom
45.74.62.3,true,New York City,New York,United States
85.208.3.102,true,Helsinki,Uusimaa,Finland
172.111.204.9,true,Frankfurt am Main,Hesse,Germany
203.209.219.41,true,Auckland,Auckland,New Zealand
146.70.109.171,true,Milan,Lombardy,Italy
149.40.49.199,true,New York City,New York,United States
45.74.11.7,true,Frankfurt am Main,Hesse,Germany
45.74.63.39,true,London,England,United Kingdom
45.74.51.103,true,London,England,United Kingdom
203.27.106.92,true,Singapore,,Singapore
172.111.197.3,true,Amsterdam,North Holland,Netherlands
149.102.243.7,true,Los Angeles,California,United States
172.111.183.166,true,New York City,New York,United States
45.250.255.10,true,Tokyo,Tokyo,Japan
149.40.48.52,true,London,England,United Kingdom
172.94.38.37,true,West Drayton,England,United Kingdom
172.94.38.38,true,London,England,United Kingdom
172.94.79.245,true,Tokyo,Tokyo,Japan
5.254.23.75,true,Frankfurt am Main,Hesse,Germany
172.94.13.5,true,Frankfurt am Main,Hesse,Germany
43.228.158.39,true,London,England,United Kingdom
103.46.140.98,true,Frankfurt am Main,Hesse,Germany
206.123.153.37,true,Frankfurt am Main,Hesse,Germany
149.50.215.73,true,Milan,Lombardy,Italy
203.23.179.26,true,Frankfurt am Main,Hesse,Germany
103.107.199.168,true,Singapore,,Singapore
172.94.110.66,true,Frankfurt am Main,Hesse,Germany
172.94.113.197,true,Frankfurt am Main,Hesse,Germany
217.138.217.69,true,Los Angeles,California,United States
149.50.215.76,true,Milan,Lombardy,Italy
172.111.135.245,true,Toronto,Ontario,Canada
172.94.24.37,true,Frankfurt am Main,Hesse,Germany
172.94.81.6,true,New York City,New York,United States
172.111.204.35,true,Frankfurt am Main,Hesse,Germany
172.94.113.101,true,Frankfurt am Main,Hesse,Germany
149.102.244.93,true,Warsaw,Mazovia,Poland
172.111.206.6,true,Frankfurt am Main,Hesse,Germany
172.94.113.130,true,Frankfurt am Main,Hesse,Germany
206.123.130.10,true,Lelystad,Flevoland,Netherlands
37.19.217.98,true,Paris,Île-de-France,France
43.228.158.3,true,London,England,United Kingdom
103.1.215.107,true,Sydney,New South Wales,Australia
146.70.212.74,true,Secaucus,New Jersey,United States
185.232.23.103,true,Frankfurt am Main,Hesse,Germany
89.238.130.226,true,Manchester,England,United Kingdom
172.94.24.103,true,Frankfurt am Main,Hesse,Germany
172.94.94.9,true,Lelystad,Flevoland,Netherlands
149.40.51.44,true,Seattle,Washington,United States
103.107.199.172,true,Singapore,,Singapore
108.181.52.157,true,Seoul,Seoul,South Korea
149.40.51.40,true,Seattle,Washington,United States
169.150.205.131,true,Houston,Texas,United States
45.74.44.69,true,London,England,United Kingdom
45.250.255.16,true,Tokyo,Tokyo,Japan
172.111.183.163,true,New York City,New York,United States
146.70.181.230,true,Manchester,England,United Kingdom
172.94.94.13,true,Lelystad,Flevoland,Netherlands
206.123.135.9,true,Singapore,,Singapore
172.111.226.168,true,Frankfurt am Main,Hesse,Germany
172.111.228.67,true,Frankfurt am Main,Hesse,Germany
172.111.204.103,true,Frankfurt am Main,Hesse,Germany
172.111.241.74,true,New York City,New York,United States
45.74.1.11,true,Frankfurt am Main,Hesse,Germany
146.70.126.38,true,Zürich,Zurich,Switzerland
45.74.58.7,true,Frankfurt am Main,Hesse,Germany
172.94.24.39,true,Frankfurt am Main,Hesse,Germany
192.253.250.100,true,Frankfurt am Main,Hesse,Germany
149.34.245.201,true,Paris,Île-de-France,France
5.254.23.78,true,Frankfurt am Main,Hesse,Germany
108.181.50.77,true,Seoul,Seoul,South Korea
146.70.109.165,true,Milan,Lombardy,Italy
149.34.253.102,true,Singapore,,Singapore
172.111.204.101,true,Frankfurt am Main,Hesse,Germany
172.111.204.98,true,Frankfurt am Main,Hesse,Germany
172.94.119.5,true,Singapore,,Singapore
149.88.19.8,true,Frankfurt am Main,Hesse,Germany
172.94.24.70,true,Frankfurt am Main,Hesse,Germany
146.70.170.41,true,Oslo,Oslo,Norway
172.94.94.36,true,Lelystad,Flevoland,Netherlands
203.209.219.40,true,Auckland,Auckland,New Zealand
149.50.215.71,true,Milan,Lombardy,Italy
37.19.217.99,true,Paris,Île-de-France,France
45.74.11.38,true,Frankfurt am Main,Hesse,Germany
149.102.238.140,true,Zürich,Zurich,Switzerland
45.74.22.8,true,Warsaw,Mazovia,Poland
5.254.112.105,true,London,England,United Kingdom
217.138.217.72,true,Los Angeles,California,United States
149.34.252.46,true,Frankfurt am Main,Hesse,Germany
217.138.217.73,true,Los Angeles,California,United States
5.254.106.11,true,London,England,United Kingdom
149.40.49.195,true,New York City,New York,United States
45.74.11.6,true,Frankfurt am Main,Hesse,Germany
149.40.51.41,true,Seattle,Washington,United States
206.123.130.7,true,Lelystad,Flevoland,Netherlands
149.50.222.8,true,Toronto,Ontario,Canada
149.88.98.228,true,Toronto,Ontario,Canada
149.34.245.194,true,Paris,Île-de-France,France
172.111.204.3,true,Frankfurt am Main,Hesse,Germany
172.94.113.166,true,Frankfurt am Main,Hesse,Germany
206.123.153.5,true,Frankfurt am Main,Hesse,Germany
45.74.1.42,true,Frankfurt am Main,Hesse,Germany
149.102.238.142,true,Zürich,Zurich,Switzerland
149.34.253.72,true,Singapore,,Singapore
149.88.98.245,true,Toronto,Ontario,Canada
185.232.23.99,true,Frankfurt am Main,Hesse,Germany
172.94.120.34,true,London,England,United Kingdom
45.134.142.70,true,Miami,Florida,United States
172.111.208.106,true,Frankfurt am Main,Hesse,Germany
172.94.24.43,true,Frankfurt am Main,Hesse,Germany
146.70.220.134,true,Saint-Denis,Île-de-France,France
172.94.78.5,true,Frankfurt am Main,Hesse,Germany
185.174.156.32,true,Madrid,Madrid,Spain
172.111.206.7,true,Frankfurt am Main,Hesse,Germany
192.253.250.66,true,Frankfurt am Main,Hesse,Germany
172.111.206.72,true,Frankfurt am Main,Hesse,Germany
149.40.52.195,true,Vienna,Vienna,Austria
149.102.251.8,true,São Paulo,São Paulo,Brazil
45.74.44.5,true,London,England,United Kingdom
146.70.126.45,true,Zürich,Zurich,Switzerland
95.153.32.116,true,Tallinn,Harjumaa,Estonia
149.34.253.70,true,Singapore,,Singapore
107.175.196.110,true,Santa Clara,California,United States
103.55.10.3,true,Hong Kong,,Hong Kong
149.40.49.212,true,New York City,New York,United States
172.94.110.38,true,Frankfurt am Main,Hesse,Germany
192.253.250.39,true,Frankfurt am Main,Hesse,Germany
45.74.55.6,true,Lelystad,Flevoland,Netherlands
149.102.238.131,true,Zürich,Zurich,Switzerland
172.94.13.3,true,Frankfurt am Main,Hesse,Germany
95.153.32.107,true,Tallinn,Harjumaa,Estonia
172.111.241.101,true,New York City,New York,United States
192.3.53.234,true,Seattle,Washington,United States
143.244.44.131,true,New York City,New York,United States
108.181.50.183,true,Seoul,Seoul,South Korea
149.34.253.108,true,Singapore,,Singapore
45.74.11.43,true,Frankfurt am Main,Hesse,Germany
217.148.140.138,true,Los Angeles,California,United States
103.1.215.105,true,Sydney,New South Wales,Australia
149.88.25.200,true,Chicago,Illinois,United States
107.175.196.108,true,Santa Clara,California,United States
172.111.206.8,true,Frankfurt am Main,Hesse,Germany
64.31.3.106,true,Salt Lake City,Utah,United States
149.50.211.70,true,Singapore,,Singapore
154.47.27.101,true,Brussels,Brussels Capital,Belgium
172.94.78.34,true,Frankfurt am Main,Hesse,Germany
149.50.211.75,true,Singapore,,Singapore
172.111.131.247,true,Lelystad,Flevoland,Netherlands
149.34.253.68,true,Singapore,,Singapore
146.70.212.78,true,Secaucus,New Jersey,United States
107.175.196.101,true,Santa Clara,California,United States
103.107.199.171,true,Singapore,,Singapore
149.102.251.7,true,São Paulo,São Paulo,Brazil
149.88.19.3,true,Frankfurt am Main,Hesse,Germany
172.111.241.71,true,New York City,New York,United States
203.23.179.43,true,Frankfurt am Main,Hesse,Germany
217.138.217.75,true,Los Angeles,California,United States
5.254.26.35,true,Amsterdam,North Holland,Netherlands
149.40.59.78,true,Amsterdam,North Holland,Netherlands
217.148.140.135,true,Los Angeles,California,United States
5.254.70.210,true,Amsterdam,North Holland,Netherlands
103.55.10.5,true,Hong Kong,,Hong Kong
108.181.50.182,true,Seoul,Seoul,South Korea
45.74.22.7,true,Warsaw,Mazovia,Poland
149.50.215.78,true,Milan,Lombardy,Italy
146.70.170.52,true,Oslo,Oslo,Norway
192.253.250.103,true,Frankfurt am Main,Hesse,Germany
149.88.19.7,true,Frankfurt am Main,Hesse,Germany
149.34.253.105,true,Singapore,,Singapore
45.74.63.11,true,London,England,United Kingdom
172.111.229.67,true,Frankfurt am Main,Hesse,Germany
172.111.128.37,true,Lelystad,Flevoland,Netherlands
138.199.31.194,true,London,England,United Kingdom
154.47.27.74,true,Brussels,Brussels Capital,Belgium
172.111.204.5,true,Frankfurt am Main,Hesse,Germany
172.111.152.165,true,New York City,New York,United States
146.70.123.68,true,Zaventem,Flanders,Belgium
172.94.94.6,true,Lelystad,Flevoland,Netherlands
43.228.158.43,true,Sevenoaks,England,United Kingdom
45.134.140.231,true,Atlanta,Georgia,United States
172.111.128.35,true,Lelystad,Flevoland,Netherlands
45.134.213.4,true,Madrid,Madrid,Spain
95.153.32.108,true,Tallinn,Harjumaa,Estonia
172.111.128.40,true,Lelystad,Flevoland,Netherlands
172.111.204.132,true,Frankfurt am Main,Hesse,Germany
5.254.106.12,true,London,England,United Kingdom
172.111.208.102,true,Frankfurt am Main,Hesse,Germany
104.37.5.246,true,Sydney,New South Wales,Australia
5.254.106.10,true,London,England,United Kingdom
172.111.204.6,true,Frankfurt am Main,Hesse,Germany
172.111.220.71,true,Frankfurt am Main,Hesse,Germany
103.107.197.170,true,Perth,Western Australia,Australia
45.74.1.8,true,Frankfurt am Main,Hesse,Germany
206.123.159.8,true,Amsterdam,North Holland,Netherlands
172.94.113.7,true,Frankfurt am Main,Hesse,Germany
172.94.94.40,true,Lelystad,Flevoland,Netherlands
192.3.53.231,true,Seattle,Washington,United States
103.107.199.167,true,Singapore,,Singapore
45.74.51.7,true,London,England,United Kingdom
107.175.196.107,true,Santa Clara,California,United States
172.94.79.248,true,Tokyo,Tokyo,Japan
154.47.30.170,true,Johannesburg,Gauteng,South Africa
149.50.215.75,true,Milan,Lombardy,Italy
45.74.58.36,true,Frankfurt am Main,Hesse,Germany
103.1.215.106,true,Sydney,New South Wales,Australia
43.228.158.9,true,London,England,United Kingdom
172.94.113.38,true,Frankfurt am Main,Hesse,Germany
172.111.152.194,true,New York City,New York,United States
192.253.250.102,true,Frankfurt am Main,Hesse,Germany
169.150.205.138,true,Houston,Texas,United States
89.238.130.232,true,Manchester,England,United Kingdom
149.88.19.11,true,Frankfurt am Main,Hesse,Germany
45.74.1.3,true,Frankfurt am Main,Hesse,Germany
172.111.204.37,true,Frankfurt am Main,Hesse,Germany
172.111.206.70,true,Frankfurt am Main,Hesse,Germany
172.94.115.6,true,London,England,United Kingdom
192.253.250.43,true,Frankfurt am Main,Hesse,Germany
206.123.130.8,true,Lelystad,Flevoland,Netherlands
143.244.47.42,true,New York City,New York,United States
45.74.55.12,true,Lelystad,Flevoland,Netherlands
146.70.220.136,true,Saint-Denis,Île-de-France,France
149.50.211.71,true,Singapore,,Singapore
45.134.213.8,true,Madrid,Madrid,Spain
5.254.15.101,true,Amsterdam,North Holland,Netherlands
206.123.153.66,true,Frankfurt am Main,Hesse,Germany
45.134.140.246,true,Atlanta,Georgia,United States
45.250.255.11,true,Tokyo,Tokyo,Japan
103.1.215.103,true,Sydney,New South Wales,Australia
138.199.31.196,true,London,England,United Kingdom
149.40.52.214,true,Vienna,Vienna,Austria
172.94.20.103,true,Frankfurt am Main,Hesse,Germany
5.254.106.3,true,London,England,United Kingdom
154.47.27.79,true,Brussels,Brussels Capital,Belgium
172.94.78.74,true,Frankfurt am Main,Hesse,Germany
149.40.52.198,true,Vienna,Vienna,Austria
149.88.98.243,true,Toronto,Ontario,Canada
149.40.51.48,true,Seattle,Washington,United States
149.40.51.30,true,Seattle,Washington,United States
172.94.24.6,true,Frankfurt am Main,Hesse,Germany
172.111.170.12,true,New York City,New York,United States
45.74.1.39,true,Frankfurt am Main,Hesse,Germany
149.88.19.13,true,Frankfurt am Main,Hesse,Germany
192.253.246.244,true,New York City,New York,United States
103.107.197.164,true,Perth,Western Australia,Australia
146.70.212.72,true,Secaucus,New Jersey,United States
169.150.205.137,true,Houston,Texas,United States
172.111.181.42,true,Frankfurt am Main,Hesse,Germany
203.209.219.48,true,Auckland,Auckland,New Zealand
149.34.245.198,true,Paris,Île-de-France,France
149.40.52.206,true,Vienna,Vienna,Austria
45.134.140.230,true,Atlanta,Georgia,United States
5.254.26.36,true,Amsterdam,North Holland,Netherlands
203.23.178.180,true,Frankfurt am Main,Hesse,Germany
64.31.3.108,true,Salt Lake City,Utah,United States
169.150.205.139,true,Houston,Texas,United States
146.70.212.85,true,Secaucus,New Jersey,United States
138.199.31.193,true,London,England,United Kingdom
149.102.243.8,true,Los Angeles,California,United States
103.55.10.4,true,Hong Kong,,Hong Kong
149.102.243.12,true,Los Angeles,California,United States
169.150.205.133,true,Houston,Texas,United States
149.34.245.199,true,Paris,Île-de-France,France
172.94.78.37,true,Frankfurt am Main,Hesse,Germany
172.94.38.39,true,London,England,United Kingdom
138.199.43.10,true,Seattle,Washington,United States
172.111.204.71,true,Frankfurt am Main,Hesse,Germany
172.94.24.67,true,Frankfurt am Main,Hesse,Germany
45.74.63.37,true,London,England,United Kingdom
172.94.24.69,true,Frankfurt am Main,Hesse,Germany
172.111.220.69,true,Frankfurt am Main,Hesse,Germany
149.88.18.7,true,Ashburn,Virginia,United States
185.220.69.104,true,New York City,New York,United States
149.88.19.18,true,Frankfurt am Main,Hesse,Germany
172.94.113.196,true,Frankfurt am Main,Hesse,Germany
45.74.51.75,true,London,England,United Kingdom
149.34.253.66,true,Singapore,,Singapore
172.111.206.11,true,Frankfurt am Main,Hesse,Germany
169.150.205.148,true,Houston,Texas,United States
172.94.24.40,true,Frankfurt am Main,Hesse,Germany
172.111.220.3,true,Frankfurt am Main,Hesse,Germany
172.111.229.41,false,Frankfurt am Main,Hesse,Germany
172.94.41.6,true,Sutton,England,United Kingdom
146.70.109.172,true,Milan,Lombardy,Italy
103.46.141.244,true,Central,Central and Western,Hong Kong
149.40.59.77,true,Amsterdam,North Holland,Netherlands
172.111.183.168,true,New York City,New York,United States
149.34.245.200,true,Paris,Île-de-France,France
45.74.44.36,true,London,England,United Kingdom
64.31.20.7,true,Wolf Trap,Virginia,United States
45.74.55.8,true,Lelystad,Flevoland,Netherlands
172.111.197.5,true,Amsterdam,North Holland,Netherlands
138.199.43.13,true,Seattle,Washington,United States
149.102.251.11,true,São Paulo,São Paulo,Brazil
172.111.204.102,true,Frankfurt am Main,Hesse,Germany
104.243.253.34,true,Lelystad,Flevoland,Netherlands
149.50.217.146,true,Copenhagen,Capital Region,Denmark
149.50.211.72,true,Singapore,,Singapore
172.94.87.43,true,Lelystad,Flevoland,Netherlands
45.134.142.71,true,Miami,Florida,United States
45.74.22.10,true,Warsaw,Mazovia,Poland
192.3.53.244,true,Seattle,Washington,United States
192.253.246.246,true,New York City,New York,United States
206.123.135.7,true,Singapore,,Singapore
45.74.44.38,true,London,England,United Kingdom
154.47.27.73,true,Brussels,Brussels Capital,Belgium
146.70.123.67,true,Zaventem,Flanders,Belgium
206.123.153.69,true,Frankfurt am Main,Hesse,Germany
103.107.197.166,true,Perth,Western Australia,Australia
45.74.11.8,true,Frankfurt am Main,Hesse,Germany
172.111.181.39,true,Frankfurt am Main,Hesse,Germany
172.94.94.34,true,Lelystad,Flevoland,Netherlands
206.123.137.5,true,Frankfurt am Main,Hesse,Germany
43.228.158.37,true,Sevenoaks,England,United Kingdom
154.47.30.169,true,Johannesburg,Gauteng,South Africa
85.208.3.100,true,Helsinki,Uusimaa,Finland
172.94.24.101,true,Frankfurt am Main,Hesse,Germany
149.50.217.133,true,Copenhagen,Capital Region,Denmark
172.94.94.38,true,Lelystad,Flevoland,Netherlands
203.23.179.20,true,Frankfurt am Main,Hesse,Germany
149.34.252.11,true,Frankfurt am Main,Hesse,Germany
108.181.50.164,true,Seoul,Seoul,South Korea
149.34.253.74,true,Singapore,,Singapore
172.111.206.106,true,Frankfurt am Main,Hesse,Germany
172.111.212.6,true,Frankfurt am Main,Hesse,Germany
172.94.113.102,true,Frankfurt am Main,Hesse,Germany
172.94.120.6,true,London,England,United Kingdom
172.111.229.42,false,Frankfurt am Main,Hesse,Germany
192.253.250.11,true,Frankfurt am Main,Hesse,Germany
192.253.250.69,true,Frankfurt am Main,Hesse,Germany
206.123.130.9,true,Lelystad,Flevoland,Netherlands
45.134.140.235,true,Atlanta,Georgia,United States
149.88.25.211,true,Chicago,Illinois,United States
45.74.44.3,true,Enfield Town,England,United Kingdom
85.208.3.108,true,Helsinki,Uusimaa,Finland
95.153.32.100,true,Tallinn,Harjumaa,Estonia
104.243.253.42,true,Lelystad,Flevoland,Netherlands
108.181.50.75,true,Seoul,Seoul,South Korea
192.253.250.74,true,Frankfurt am Main,Hesse,Germany
172.94.78.71,true,Frankfurt am Main,Hesse,Germany
95.153.32.103,true,Tallinn,Harjumaa,Estonia
146.70.123.76,true,Zaventem,Flanders,Belgium
172.94.38.8,true,West Drayton,England,United Kingdom
172.94.94.42,true,Lelystad,Flevoland,Netherlands
172.94.94.5,true,Lelystad,Flevoland,Netherlands
172.111.181.37,true,Frankfurt am Main,Hesse,Germany
192.253.250.5,true,Frankfurt am Main,Hesse,Germany
172.94.81.12,true,New York City,New York,United States
45.74.11.39,true,Frankfurt am Main,Hesse,Germany
45.74.51.71,true,London,England,United Kingdom
185.174.156.36,true,Conil de la Frontera,Andalusia,Spain
185.232.23.102,true,Frankfurt am Main,Hesse,Germany
172.94.110.68,true,Frankfurt am Main,Hesse,Germany
203.23.179.45,true,Frankfurt am Main,Hesse,Germany
104.243.253.36,true,Lelystad,Flevoland,Netherlands
172.111.220.66,true,Frankfurt am Main,Hesse,Germany
172.111.204.135,true,Frankfurt am Main,Hesse,Germany
206.123.153.8,true,Frankfurt am Main,Hesse,Germany
206.123.130.4,true,Lelystad,Flevoland,Netherlands
84.247.49.213,true,Singapore,,Singapore
149.34.252.53,true,Frankfurt am Main,Hesse,Germany
108.181.50.184,true,Seoul,Seoul,South Korea
172.94.120.38,true,London,England,United Kingdom
45.134.142.66,true,Miami,Florida,United States
64.31.3.103,true,Salt Lake City,Utah,United States
172.111.185.75,true,Frankfurt am Main,Hesse,Germany
64.31.3.105,true,Salt Lake City,Utah,United States
143.244.44.136,true,New York City,New York,United States
172.94.115.8,true,London,England,United Kingdom
43.228.158.41,true,Sevenoaks,England,United Kingdom
149.88.18.9,true,Ashburn,Virginia,United States
172.111.220.70,true,Frankfurt am Main,Hesse,Germany
172.94.110.37,true,Frankfurt am Main,Hesse,Germany
172.94.38.36,true,West Drayton,England,United Kingdom
172.94.81.8,true,New York City,New York,United States
45.74.11.4,true,Frankfurt am Main,Hesse,Germany
206.123.159.6,true,Amsterdam,North Holland,Netherlands
172.94.113.39,true,Frankfurt am Main,Hesse,Germany
172.111.229.70,true,Frankfurt am Main,Hesse,Germany
154.47.30.172,true,Johannesburg,Gauteng,South Africa
45.74.44.34,true,Enfield Town,England,United Kingdom
172.111.152.164,true,New York City,New York,United States
45.74.22.6,true,Warsaw,Mazovia,Poland
172.94.24.3,true,Frankfurt am Main,Hesse,Germany
45.74.1.36,true,Frankfurt am Main,Hesse,Germany
149.102.251.2,true,São Paulo,São Paulo,Brazil
103.1.215.108,true,Sydney,New South Wales,Australia
172.111.204.134,true,Frankfurt am Main,Hesse,Germany
146.70.212.75,true,Secaucus,New Jersey,United States
149.34.252.54,true,Frankfurt am Main,Hesse,Germany
149.34.252.8,true,Frankfurt am Main,Hesse,Germany
149.50.215.84,true,Milan,Lombardy,Italy
104.250.169.250,true,London,England,United Kingdom
149.34.253.103,true,Singapore,,Singapore
149.50.217.132,true,Copenhagen,Capital Region,Denmark
203.17.245.204,true,Amsterdam,North Holland,Netherlands
154.47.30.166,true,Johannesburg,Gauteng,South Africa
149.34.245.202,true,Paris,Île-de-France,France
5.254.23.80,true,Frankfurt am Main,Hesse,Germany
45.134.142.86,true,Miami,Florida,United States
45.74.63.5,true,London,England,United Kingdom
172.94.38.42,true,Horley,England,United Kingdom
154.47.27.99,true,Brussels,Brussels Capital,Belgium
154.47.27.102,true,Brussels,Brussels Capital,Belgium
172.111.152.197,true,New York City,New York,United States
91.90.121.152,true,Manchester,England,United Kingdom
95.153.32.104,true,Tallinn,Harjumaa,Estonia
103.1.215.104,true,Sydney,New South Wales,Australia
172.94.78.36,true,Frankfurt am Main,Hesse,Germany
64.31.20.9,true,Wolf Trap,Virginia,United States
85.208.3.107,true,Helsinki,Uusimaa,Finland
172.94.94.7,true,Lelystad,Flevoland,Netherlands
149.34.245.203,true,Paris,Île-de-France,France
172.111.206.102,true,Frankfurt am Main,Hesse,Germany
172.94.113.98,true,Frankfurt am Main,Hesse,Germany
146.70.181.233,true,Manchester,England,United Kingdom
37.19.217.90,true,Paris,Île-de-France,France
45.250.255.17,true,Tokyo,Tokyo,Japan
45.74.11.35,true,Frankfurt am Main,Hesse,Germany
172.111.189.7,true,Tokyo,Tokyo,Japan
138.199.31.2,true,London,England,United Kingdom
85.208.3.105,true,Helsinki,Uusimaa,Finland
206.123.159.7,true,Amsterdam,North Holland,Netherlands
172.94.113.3,true,Frankfurt am Main,Hesse,Germany
143.244.44.135,true,New York City,New York,United States
149.40.52.207,true,Vienna,Vienna,Austria
172.94.84.168,true,Frankfurt am Main,Hesse,Germany
5.254.15.99,true,Amsterdam,North Holland,Netherlands
217.138.217.70,true,Los Angeles,California,United States
45.74.51.11,true,London,England,United Kingdom
45.134.140.232,true,Atlanta,Georgia,United States
64.31.20.13,true,McLean,Virginia,United States
172.111.204.133,true,Frankfurt am Main,Hesse,Germany
149.88.19.9,true,Frankfurt am Main,Hesse,Germany
172.94.24.35,true,Frankfurt am Main,Hesse,Germany
172.94.113.70,true,Frankfurt am Main,Hesse,Germany
45.74.58.38,true,Frankfurt am Main,Hesse,Germany
149.102.238.141,true,Zürich,Zurich,Switzerland
206.123.153.74,true,Frankfurt am Main,Hesse,Germany
45.134.142.69,true,Miami,Florida,United States
45.134.213.7,true,Madrid,Madrid,Spain
95.153.32.106,true,Tallinn,Harjumaa,Estonia
149.34.252.13,true,Frankfurt am Main,Hesse,Germany
149.40.52.205,true,Vienna,Vienna,Austria
149.50.222.10,true,Toronto,Ontario,Canada
172.111.197.11,true,Lelystad,Flevoland,Netherlands
217.148.140.134,true,Los Angeles,California,United States
146.70.170.38,true,Oslo,Oslo,Norway
149.40.49.200,true,New York City,New York,United States
45.74.44.37,true,Enfield Town,England,United Kingdom
143.244.47.51,true,New York City,New York,United States
172.94.110.36,true,Frankfurt am Main,Hesse,Germany
154.47.30.167,true,Johannesburg,Gauteng,South Africa
172.94.115.7,true,London,England,United Kingdom
172.94.120.8,true,London,England,United Kingdom
172.94.20.106,true,Frankfurt am Main,Hesse,Germany
103.107.197.171,true,Perth,Western Australia,Australia
185.220.69.101,true,New York City,New York,United States
192.253.250.98,true,Frankfurt am Main,Hesse,Germany
185.232.23.117,true,Frankfurt am Main,Hesse,Germany
149.40.48.44,true,London,England,United Kingdom
172.94.84.167,true,Frankfurt am Main,Hesse,Germany
172.111.181.33,true,Frankfurt am Main,Hesse,Germany
149.88.25.194,true,Chicago,Illinois,United States
172.94.120.36,true,London,England,United Kingdom
172.111.220.8,true,Frankfurt am Main,Hesse,Germany
45.134.142.68,true,Miami,Florida,United States
185.220.69.106,true,New York City,New York,United States
172.111.229.75,true,Frankfurt am Main,Hesse,Germany
172.111.204.70,true,Frankfurt am Main,Hesse,Germany
64.31.20.11,true,Wolf Trap,Virginia,United States
149.102.244.46,true,Warsaw,Mazovia,Poland
172.111.228.72,true,Frankfurt am Main,Hesse,Germany
206.123.135.6,true,Singapore,,Singapore
172.94.113.194,true,Frankfurt am Main,Hesse,Germany
45.74.62.11,true,New York City,New York,United States
64.31.3.104,true,Salt Lake City,Utah,United States
172.94.120.3,true,London,England,United Kingdom
146.70.220.132,true,Saint-Denis,Île-de-France,France
43.228.158.5,true,Sevenoaks,England,United Kingdom
172.94.113.67,true,Frankfurt am Main,Hesse,Germany
149.102.238.136,true,Zürich,Zurich,Switzerland
84.247.49.212,true,Singapore,,Singapore
172.111.220.34,true,Frankfurt am Main,Hesse,Germany
104.250.183.8,true,Amsterdam,North Holland,Netherlands
172.111.231.67,true,Lelystad,Flevoland,Netherlands
169.150.205.140,true,Houston,Texas,United States
143.244.47.50,true,New York City,New York,United States
172.94.94.3,true,Lelystad,Flevoland,Netherlands
172.94.24.72,true,Frankfurt am Main,Hesse,Germany
45.74.58.6,true,Frankfurt am Main,Hesse,Germany
146.70.126.41,true,Zürich,Zurich,Switzerland
103.55.10.11,true,Hong Kong,,Hong Kong
217.138.217.76,true,Los Angeles,California,United States
45.74.62.7,true,New York City,New York,United States
172.111.181.11,true,Frankfurt am Main,Hesse,Germany
172.111.243.102,true,Frankfurt am Main,Hesse,Germany
103.1.215.101,true,Sydney,New South Wales,Australia
104.250.183.3,true,Amsterdam,North Holland,Netherlands
172.94.81.5,true,New York City,New York,United States
172.111.197.7,true,Amsterdam,North Holland,Netherlands
5.254.112.103,true,London,England,United Kingdom
95.153.32.105,true,Tallinn,Harjumaa,Estonia
104.243.254.9,true,Toronto,Ontario,Canada
5.254.112.106,true,London,England,United Kingdom
192.253.250.7,true,Frankfurt am Main,Hesse,Germany
45.74.22.5,true,Warsaw,Mazovia,Poland
206.123.130.6,true,Lelystad,Flevoland,Netherlands
45.74.51.43,true,London,England,United Kingdom
172.94.115.34,true,London,England,United Kingdom
172.94.78.42,true,Frankfurt am Main,Hesse,Germany
172.94.94.39,true,Lelystad,Flevoland,Netherlands
172.94.110.42,true,Frankfurt am Main,Hesse,Germany
45.74.58.34,true,Frankfurt am Main,Hesse,Germany
149.50.217.130,true,Copenhagen,Capital Region,Denmark
45.74.63.3,true,London,England,United Kingdom
45.74.22.3,true,Warsaw,Mazovia,Poland
149.88.25.205,true,Chicago,Illinois,United States
149.34.252.55,true,Frankfurt am Main,Hesse,Germany
154.47.27.72,true,Brussels,Brussels Capital,Belgium
192.253.250.71,true,Frankfurt am Main,Hesse,Germany
149.40.49.202,true,New York City,New York,United States
149.102.238.137,true,Zürich,Zurich,Switzerland
149.40.59.72,true,Amsterdam,North Holland,Netherlands
149.34.252.12,true,Frankfurt am Main,Hesse,Germany
64.31.20.10,true,McLean,Virginia,United States
43.228.158.7,true,London,England,United Kingdom
45.74.44.6,true,Enfield Town,England,United Kingdom
45.74.51.37,true,London,England,United Kingdom
172.111.204.39,true,Frankfurt am Main,Hesse,Germany
172.94.113.6,true,Frankfurt am Main,Hesse,Germany
5.254.106.6,true,London,England,United Kingdom
172.94.78.6,true,Frankfurt am Main,Hesse,Germany
172.111.135.244,true,Milton,Ontario,Canada
5.254.26.34,true,Amsterdam,North Holland,Netherlands
45.74.1.7,true,Frankfurt am Main,Hesse,Germany
172.94.24.5,true,Frankfurt am Main,Hesse,Germany
149.102.243.20,true,Los Angeles,California,United States
172.111.128.43,true,Lelystad,Flevoland,Netherlands
172.111.226.165,true,Frankfurt am Main,Hesse,Germany
206.123.153.13,true,Frankfurt am Main,Hesse,Germany
172.111.220.7,true,Frankfurt am Main,Hesse,Germany
43.228.158.38,true,Sevenoaks,England,United Kingdom
149.50.217.134,true,Copenhagen,Capital Region,Denmark
169.150.205.134,true,Houston,Texas,United States
172.94.120.11,true,London,England,United Kingdom
217.148.140.132,true,Los Angeles,California,United States
45.74.63.7,true,London,England,United Kingdom
45.134.142.87,true,Miami,Florida,United States
169.150.205.135,true,Houston,Texas,United States
45.74.51.5,true,London,England,United Kingdom
45.134.142.89,true,Miami,Florida,United States
172.94.78.7,true,Frankfurt am Main,Hesse,Germany
91.90.121.153,true,Manchester,England,United Kingdom
172.94.87.38,true,Lelystad,Flevoland,Netherlands
103.107.197.168,true,Perth,Western Australia,Australia
149.50.222.6,true,Toronto,Ontario,Canada
172.111.208.98,true,Frankfurt am Main,Hesse,Germany
172.111.204.41,true,Frankfurt am Main,Hesse,Germany
206.123.153.71,true,Frankfurt am Main,Hesse,Germany
45.250.255.9,true,Tokyo,Tokyo,Japan
149.88.18.4,true,Ashburn,Virginia,United States
149.102.238.143,true,Zürich,Zurich,Switzerland
45.74.58.39,true,Frankfurt am Main,Hesse,Germany
172.94.120.41,true,London,England,United Kingdom
172.111.204.72,true,Frankfurt am Main,Hesse,Germany
172.111.128.39,true,Lelystad,Flevoland,Netherlands
185.220.69.109,true,New York City,New York,United States
172.94.20.100,true,Frankfurt am Main,Hesse,Germany
203.209.219.47,true,Auckland,Auckland,New Zealand
172.111.204.67,true,Frankfurt am Main,Hesse,Germany
172.94.113.71,true,Frankfurt am Main,Hesse,Germany
172.111.206.3,true,Frankfurt am Main,Hesse,Germany
146.70.109.163,true,Milan,Lombardy,Italy
172.94.119.19,true,Singapore,,Singapore
5.254.15.115,true,Amsterdam,North Holland,Netherlands
172.111.181.7,true,Frankfurt am Main,Hesse,Germany
172.111.220.39,true,Frankfurt am Main,Hesse,Germany
172.94.115.3,true,London,England,United Kingdom
45.74.1.38,true,Frankfurt am Main,Hesse,Germany
172.94.113.37,true,Frankfurt am Main,Hesse,Germany
45.74.11.11,true,Frankfurt am Main,Hesse,Germany
43.228.158.8,true,London,England,United Kingdom
192.253.250.34,true,Frankfurt am Main,Hesse,Germany
64.31.20.5,true,Wolf Trap,Virginia,United States
45.74.51.72,true,London,England,United Kingdom
172.94.100.248,true,Sydney,New South Wales,Australia
95.153.32.110,true,Tallinn,Harjumaa,Estonia
45.134.213.9,true,Madrid,Madrid,Spain
206.123.153.36,true,Frankfurt am Main,Hesse,Germany
146.70.126.46,true,Zürich,Zurich,Switzerland
172.94.115.38,true,London,England,United Kingdom
146.70.220.135,true,Saint-Denis,Île-de-France,France
217.148.140.141,true,Los Angeles,California,United States
103.1.215.196,true,Sydney,New South Wales,Australia
37.19.217.87,true,Paris,Île-de-France,France
64.31.3.107,true,Salt Lake City,Utah,United States
91.90.121.149,true,Manchester,England,United Kingdom
172.111.206.71,true,Frankfurt am Main,Hesse,Germany
206.123.153.7,true,Frankfurt am Main,Hesse,Germany
185.174.156.37,true,Madrid,Madrid,Spain
37.120.138.9,true,New York City,New York,United States
149.102.244.42,true,Warsaw,Mazovia,Poland
146.70.126.47,true,Zürich,Zurich,Switzerland
45.74.44.39,true,London,England,United Kingdom
103.46.140.100,true,Frankfurt am Main,Hesse,Germany
149.102.244.45,true,Warsaw,Mazovia,Poland
172.94.120.5,true,London,England,United Kingdom
37.120.138.12,true,New York City,New York,United States
172.111.206.67,true,Frankfurt am Main,Hesse,Germany
172.94.24.106,true,Frankfurt am Main,Hesse,Germany
172.94.38.5,true,West Drayton,England,United Kingdom
5.254.23.77,true,Frankfurt am Main,Hesse,Germany
146.70.181.228,true,Manchester,England,United Kingdom
103.107.199.173,true,Singapore,,Singapore
172.94.94.37,true,Lelystad,Flevoland,Netherlands
5.254.23.79,true,Frankfurt am Main,Hesse,Germany
64.31.3.102,true,Salt Lake City,Utah,United States
64.31.20.24,true,McLean,Virginia,United States
203.209.219.42,true,Auckland,Auckland,New Zealand
103.107.199.170,true,Singapore,,Singapore
192.253.250.68,true,Frankfurt am Main,Hesse,Germany
217.148.140.140,true,Los Angeles,California,United States
172.94.78.69,true,Frankfurt am Main,Hesse,Germany
149.50.217.138,true,Copenhagen,Capital Region,Denmark
172.94.119.8,true,Singapore,,Singapore
203.17.245.202,true,Amsterdam,North Holland,Netherlands
149.40.51.42,true,Seattle,Washington,United States
172.94.94.8,true,Lelystad,Flevoland,Netherlands
146.70.181.232,true,Manchester,England,United Kingdom
172.94.119.7,true,Singapore,,Singapore
45.74.51.3,true,London,England,United Kingdom
192.253.250.70,true,Frankfurt am Main,Hesse,Germany
172.111.204.166,true,Frankfurt am Main,Hesse,Germany
149.40.49.211,true,New York City,New York,United States
91.90.121.151,true,Manchester,England,United Kingdom
206.123.153.34,true,Frankfurt am Main,Hesse,Germany
172.94.110.39,true,Frankfurt am Main,Hesse,Germany
149.88.25.214,true,Chicago,Illinois,United States
206.123.135.15,true,Singapore,,Singapore
206.123.153.39,true,Frankfurt am Main,Hesse,Germany
172.94.119.6,true,Singapore,,Singapore
192.3.53.235,true,Seattle,Washington,United States
104.243.254.6,true,Toronto,Ontario,Canada
45.74.51.101,true,London,England,United Kingdom
143.244.44.146,true,New York City,New York,United States
172.94.38.7,true,London,England,United Kingdom
138.199.43.7,true,Seattle,Washington,United States
37.19.217.97,true,Paris,Île-de-France,France
108.181.50.185,true,Seoul,Seoul,South Korea
172.94.79.244,true,Tokyo,Tokyo,Japan
45.74.1.6,true,Frankfurt am Main,Hesse,Germany
64.31.20.15,true,McLean,Virginia,United States
192.3.53.230,true,Seattle,Washington,United States
154.47.27.78,true,Brussels,Brussels Capital,Belgium
5.254.106.8,true,London,England,United Kingdom
172.111.220.68,true,Frankfurt am Main,Hesse,Germany
172.94.38.6,true,West Drayton,England,United Kingdom
154.47.30.163,true,Johannesburg,Gauteng,South Africa
172.94.24.38,true,Frankfurt am Main,Hesse,Germany
45.74.44.7,true,London,England,United Kingdom
45.74.51.98,true,London,England,United Kingdom
138.199.43.14,true,Seattle,Washington,United States
146.70.123.75,true,Zaventem,Flanders,Belgium
172.111.212.5,true,Frankfurt am Main,Hesse,Germany
172.111.231.75,true,Lelystad,Flevoland,Netherlands
172.94.78.8,true,Frankfurt am Main,Hesse,Germany
172.111.128.38,true,Lelystad,Flevoland,Netherlands
143.244.47.38,true,New York City,New York,United States
172.111.170.9,true,New York City,New York,United States
104.243.253.38,true,Lelystad,Flevoland,Netherlands
172.111.183.167,true,New York City,New York,United States
172.111.228.69,true,Frankfurt am Main,Hesse,Germany
172.94.78.11,true,Frankfurt am Main,Hesse,Germany
149.40.48.42,true,London,England,United Kingdom
172.111.206.75,true,Frankfurt am Main,Hesse,Germany
172.111.220.38,true,Frankfurt am Main,Hesse,Germany
206.123.159.19,true,Amsterdam,North Holland,Netherlands
149.50.211.66,true,Singapore,,Singapore
45.134.213.16,true,Madrid,Madrid,Spain
45.74.51.38,true,London,England,United Kingdom
5.254.112.104,true,London,England,United Kingdom
154.47.30.171,true,Johannesburg,Gauteng,South Africa
149.50.222.9,true,Toronto,Ontario,Canada
172.94.87.37,true,Lelystad,Flevoland,Netherlands
149.88.98.232,true,Toronto,Ontario,Canada
203.23.179.44,true,Frankfurt am Main,Hesse,Germany
45.74.44.66,true,London,England,United Kingdom
149.88.18.20,true,Ashburn,Virginia,United States
146.70.181.241,true,Manchester,England,United Kingdom
103.46.140.106,true,Frankfurt am Main,Hesse,Germany
149.102.251.10,true,São Paulo,São Paulo,Brazil
149.34.245.197,true,Paris,Île-de-France,France
149.50.217.135,true,Copenhagen,Capital Region,Denmark
149.102.243.9,true,Los Angeles,California,United States
172.94.78.66,true,Frankfurt am Main,Hesse,Germany
172.94.84.163,true,Frankfurt am Main,Hesse,Germany
206.123.130.12,true,Lelystad,Flevoland,Netherlands
206.123.153.38,true,Frankfurt am Main,Hesse,Germany
45.74.55.9,true,Lelystad,Flevoland,Netherlands
45.74.58.8,true,Frankfurt am Main,Hesse,Germany
91.90.121.154,true,Manchester,England,United Kingdom
149.50.215.72,true,Milan,Lombardy,Italy
154.47.27.76,true,Brussels,Brussels Capital,Belgium
85.208.3.106,true,Helsinki,Uusimaa,Finland
146.70.212.68,true,Secaucus,New Jersey,United States
45.74.11.40,true,Frankfurt am Main,Hesse,Germany
103.55.10.12,true,Hong Kong,,Hong Kong
172.111.152.198,true,New York City,New York,United States
149.88.98.229,true,Toronto,Ontario,Canada
103.109.103.81,true,Tung Chung,Islands,Hong Kong
172.111.229.69,true,Frankfurt am Main,Hesse,Germany
172.111.241.69,true,New York City,New York,United States
172.94.113.134,true,Frankfurt am Main,Hesse,Germany
172.111.204.7,true,Frankfurt am Main,Hesse,Germany
154.47.27.103,true,Brussels,Brussels Capital,Belgium
